Stock Index,Stock Price
AC3235,803.7163393720789
AC3236,250.37667807926042
AC3237,1567.012472924137
AC3238,835.8232843958577
AC3239,270.90577082599367
AC3240,398.82073326392833
AC3241,719.8160168134813
AC3242,875.5567713228912
AC3243,910.204548699505
AC3244,1326.6520721797717
AC3245,301.3605096833721
AC3246,410.1740572187362
AC3247,736.4926852695488
AC3248,242.97479120911996
AC3249,212.48289838144478
AC3250,309.197369339663
AC3251,1813.5742366901236
AC3252,130.5581887035367
AC3253,296.0690545949042
AC3254,200.80162019741263
AC3255,1001.5853437164399
AC3256,869.0925052453516
AC3257,1482.760447266951
AC3258,501.6411935907084
AC3259,268.6879881466519
AC3260,310.4928591798358
AC3261,112.30102603447733
AC3262,246.86178626344025
AC3263,379.211084332666
AC3264,117.59915580451823
AC3265,1064.4170310398606
AC3266,871.7899392571327
AC3267,527.282401591603
AC3268,761.958093247425
AC3269,407.8217324975212
AC3270,829.3215347314014
AC3271,81.81417022092018
AC3272,414.3802393039701
AC3273,818.1656751790654
AC3274,648.9717790607391
AC3275,477.6226306759048
AC3276,807.4219442144789
AC3277,738.7170332626544
AC3278,778.590686549363
AC3279,162.33906934859732
AC3280,403.45458016214064
AC3281,905.7628361461235
AC3282,135.42730111343099
AC3283,796.9530548972193
AC3284,733.7569290602972
AC3285,114.14178067510812
AC3286,876.5916006274243
AC3287,195.47285068159078
AC3288,185.01152228913443
AC3289,156.2393169340747
AC3290,188.7452231028659
AC3291,194.37115142554592
AC3292,86.4660133727573
AC3293,512.060184149083
AC3294,186.27576416552304
AC3295,611.5919340969804
AC3296,96.7645458471423
AC3297,602.9634691497023
AC3298,795.155243241498
AC3299,100.03638127617975
AC3300,91.99286305701375
AC3301,828.6794347536237
AC3302,122.93751940390183
AC3303,1257.5410237616716
AC3304,44.42378760147143
AC3305,270.9081949294512
AC3306,160.5262924102683
AC3307,27.31635174229238
AC3308,128.9656573378559
AC3309,267.5258093998389
AC3310,805.4862881757809
AC3311,1090.5360464109742
AC3312,872.9209208644852
AC3313,30.079962702131745
AC3314,77.29063309444565
AC3315,118.58585989318532
AC3316,417.0945347827548
AC3317,992.0895041243657
AC3318,547.1752483485474
AC3319,1202.4588783218771
AC3320,45.00784732784692
AC3321,108.71921577646494
AC3322,92.96033982320036
AC3323,885.1692680236852
AC3324,81.06979242046741
AC3325,276.30924256980234
AC3326,373.35574455447147
AC3327,81.618740266779
AC3328,117.00154635340623
AC3329,700.1515635458645
AC3330,893.6373200190334
AC3331,236.1817389314602
AC3332,772.7878547102797
AC3333,1445.2014456354757
AC3334,309.4017667211354
AC3335,622.208651144704
AC3336,197.35699860830826
AC3337,617.2535822032573
AC3338,1742.0555521428028
AC3339,788.7147203758326
AC3340,81.72041972173791
AC3341,1233.2586239759432
AC3342,1209.3202073709845
AC3343,275.61892901731835
AC3344,93.76499168562184
AC3345,212.6860791579742
AC3346,92.48753410155793
AC3347,311.0886706107387
AC3348,664.3795222531971
AC3349,509.6413496907937
AC3350,116.7505091590102
AC3351,780.2911941454739
AC3352,66.80259054134477
AC3353,386.3819607917435
AC3354,253.66355196095964
AC3355,620.9646978834645
AC3356,234.63501326321284
AC3357,630.811092719914
AC3358,1602.642116603381
AC3359,1312.17977507802
AC3360,1177.8040964046197
AC3361,228.66310566894174
AC3362,360.16272010621265
AC3363,542.2864607498103
AC3364,372.00797023725596
AC3365,95.2928918550152
AC3366,349.5190361150498
AC3367,254.67401194117124
AC3368,810.4775037011229
AC3369,305.76373217803797
AC3370,591.2165148263393
AC3371,384.27105303731656
AC3372,474.4389520868537
AC3373,254.02256615006658
AC3374,339.1178742961069
AC3375,1073.8190728703146
AC3376,442.0185437278789
AC3377,193.0342345288798
AC3378,378.96419648386944
AC3379,624.1106895471044
AC3380,149.62511024879177
AC3381,413.3007498179622
AC3382,594.2742242488595
AC3383,146.68513343094727
AC3384,232.5724118189033
AC3385,244.61781163975027
AC3386,106.01508106595384
AC3387,279.4110154745003
AC3388,1647.397772952647
AC3389,265.67518411574184
AC3390,250.13756862441687
AC3391,833.8384514758463
AC3392,630.2205305664268
AC3393,451.5082165852477
AC3394,516.630555591398
AC3395,1466.7785645887368
AC3396,58.30745638723703
AC3397,676.7784931873687
AC3398,454.8981307119228
AC3399,64.79773670197397
AC3400,179.59168449657375
AC3401,129.6485129631543
AC3402,471.548776540401
AC3403,287.5537120891285
AC3404,82.67203605120044
AC3405,115.50440632140355
AC3406,293.41874004543575
AC3407,168.33409825832544
AC3408,698.873039672686
AC3409,1222.874060837635
AC3410,952.2722861766882
AC3411,999.1129235965102
AC3412,1521.8519827560833
AC3413,166.8264098903796
AC3414,317.5354490625508
AC3415,208.43914525716747
AC3416,557.5611582942914
AC3417,871.3404602454057
AC3418,151.58949289290376
AC3419,1346.9400889501935
AC3420,208.80126244620138
AC3421,211.245514013662
AC3422,852.3522607498845
AC3423,99.97789395029143
AC3424,1159.906740111062
AC3425,227.3252314418964
AC3426,75.10143366817795
AC3427,356.0754232103607
AC3428,758.4637687808298
AC3429,753.5046362284031
AC3430,329.34182897334836
AC3431,485.2355416439889
AC3432,508.6628771145036
AC3433,204.28711941571044
AC3434,852.1817579930677
AC3435,1109.3521811761955
AC3436,439.19384040347876
AC3437,130.0114745494918
AC3438,1512.1935993082795
AC3439,166.05827040368533
AC3440,1252.8106323045859
AC3441,436.4160790184607
AC3442,59.17425408778181
AC3443,624.5809426621956
AC3444,159.86004579292316
AC3445,125.51421380170139
AC3446,759.7353844856249
AC3447,915.7213430719216
AC3448,156.6923376544342
AC3449,1114.6860939546325
AC3450,211.29139979831317
AC3451,1062.713802008662
AC3452,725.0485196791533
AC3453,647.0224363622095
AC3454,70.92716095322011
AC3455,728.4618469122006
AC3456,163.90515338616282
AC3457,617.357652423895
AC3458,735.6215499863688
AC3459,1794.0689957763864
AC3460,518.4839903470125
AC3461,587.484025559479
AC3462,478.4619136917344
AC3463,1269.3337597035097
AC3464,269.97352548947265
AC3465,611.5352722391808
AC3466,156.49415707827094
AC3467,155.01787226905924
AC3468,1393.6035254985013
AC3469,287.2059624950336
AC3470,348.20750574249234
AC3471,678.5638978759981
AC3472,222.99681212632305
AC3473,414.74307974817856
AC3474,443.09831994637085
AC3475,95.51675631825978
AC3476,536.7168044338064
AC3477,828.1041302232866
AC3478,122.35462525665379
AC3479,206.33357431128124
AC3480,249.24578516653952
AC3481,1115.5513318884457
AC3482,403.2942636561572
AC3483,1014.4268171183459
AC3484,930.4452024255743
AC3485,795.4362118273997
AC3486,107.85338143058442
AC3487,228.27767563107645
AC3488,1733.8272823722004
AC3489,812.3543503577621
AC3490,1575.4849357988282
AC3491,244.6324853265314
AC3492,967.2589522824569
AC3493,68.80240413824782
AC3494,1022.0620090452512
AC3495,146.3363573994849
AC3496,1316.1652634535815
AC3497,425.1440548374496
AC3498,51.56031947088652
AC3499,392.9144918704324
AC3500,103.35984197467243
AC3501,269.4016053735865
AC3502,250.96109436473276
AC3503,300.4237561512539
AC3504,1126.0394350170386
AC3505,1142.30259071251
AC3506,460.7617529495176
AC3507,854.8226255237754
AC3508,916.0724450212858
AC3509,382.87739503302174
AC3510,1233.6117113189568
AC3511,1006.8122737850844
AC3512,980.2850355942762
AC3513,538.929529730214
AC3514,173.95907289623682
AC3515,913.12584553296
AC3516,544.139721576558
AC3517,497.49316822370946
AC3518,571.4069554209126
AC3519,983.6470727035488
AC3520,1771.038055418644
AC3521,738.3411786902591
AC3522,1214.8587779519792
AC3523,1012.6404406605545
AC3524,1172.2421968932888
AC3525,788.4483686372675
AC3526,454.06745137833957
AC3527,97.79098432539503
AC3528,86.90800224481974
AC3529,997.1432464736417
AC3530,520.657547674505
AC3531,591.9820473956106
AC3532,811.9842007233293
AC3533,552.3051430278999
AC3534,791.0004204267569
AC3535,907.596465964038
AC3536,240.7077319747154
AC3537,131.00495026414916
AC3538,835.7876243458385
AC3539,1243.5889424021975
AC3540,379.45566669125174
AC3541,525.3159200725551
AC3542,315.0155460537163
AC3543,1045.5383136981911
AC3544,437.8049336637948
AC3545,512.1145574419578
AC3546,597.9804560709964
AC3547,604.5764562785876
AC3548,84.0066863729247
AC3549,1613.7126703069216
AC3550,811.4266951719208
AC3551,647.3791425509368
AC3552,341.8801495249853
AC3553,889.0225108092109
AC3554,290.09766875095744
AC3555,216.79221121969294
AC3556,1048.650644669676
AC3557,636.8084817487124
AC3558,1284.6692367542687
AC3559,532.2969758094181
AC3560,160.021473237634
AC3561,184.59879003218822
AC3562,776.8474356041742
AC3563,1089.5155637371936
AC3564,1487.1028049001343
AC3565,706.6132942023623
AC3566,300.16536949512425
AC3567,211.52541358108024
AC3568,141.01424866917046
AC3569,344.7566789715316
AC3570,779.2106082884534
AC3571,607.1808845459639
AC3572,468.8968655877284
AC3573,1282.2684856682981
AC3574,664.7942431094754
AC3575,163.39910836811654
AC3576,561.857181162496
AC3577,1688.3783588120905
AC3578,89.69961206789067
AC3579,1488.8648622043258
AC3580,123.80290996410687
AC3581,92.39063545644308
AC3582,243.92084059935667
AC3583,696.2587114502406
AC3584,185.00161607896294
AC3585,104.86041477590642
AC3586,410.70271970882015
AC3587,25.738534198444007
AC3588,216.36769045713834
AC3589,265.0934684750229
AC3590,328.6867452417737
AC3591,345.7108824598578
AC3592,289.76889375847605
AC3593,62.151461937046136
AC3594,129.05721717978145
AC3595,374.8079064791293
AC3596,805.0035311033135
AC3597,84.39747380800206
AC3598,222.13280318936955
AC3599,1197.0167699946899
AC3600,1272.2134280326675
AC3601,976.1151587490126
AC3602,769.6842987938379
AC3603,1675.5113341895901
AC3604,294.30981877996715
AC3605,787.0872560595254
AC3606,1206.5421776883836
AC3607,40.62143100611008
AC3608,1052.6868906479688
AC3609,503.8430332063001
AC3610,200.7396968434311
AC3611,767.0350284160623
AC3612,195.2766631643183
AC3613,1224.3513517140123
AC3614,494.91164395899585
AC3615,451.97859618600944
AC3616,289.56688285147675
AC3617,1283.5010201391633
AC3618,108.63824215047632
AC3619,246.76364392303412
AC3620,238.00375944504123
AC3621,819.0642757629674
AC3622,287.4724538254057
AC3623,308.33738608382583
AC3624,710.3462679795128
AC3625,251.0880771809173
AC3626,99.70702748813113
AC3627,656.23177564435
AC3628,54.83907488307358
AC3629,63.98011257200579
AC3630,594.8714956232365
AC3631,49.14536486416753
AC3632,162.63556437201635
AC3633,284.7941886120018
AC3634,1429.2150985498836
AC3635,283.6843759394514
AC3636,1192.7643617852113
AC3637,351.72995761787223
AC3638,1005.9032784226359
AC3639,206.33021680207162
AC3640,906.9269647948952
AC3641,547.8575511952807
AC3642,115.01585177691877
AC3643,614.7169968082286
AC3644,733.299677663084
AC3645,1135.4303429135505
AC3646,672.4630731026085
AC3647,370.9363613430004
AC3648,222.39847284291616
AC3649,405.78308303476166
AC3650,685.3305783977607
AC3651,1333.598122494815
AC3652,359.48242700714815
AC3653,586.3518660924442
AC3654,1212.2165964599444
AC3655,378.1961824377186
AC3656,358.72014222319007
AC3657,922.5642468277912
AC3658,895.0266000525769
AC3659,535.7967763841118
AC3660,135.09893209091132
AC3661,145.75135300850476
AC3662,305.58776163475466
AC3663,776.175628049685
AC3664,416.66137856845864
AC3665,868.4271197971377
AC3666,400.9382869118597
AC3667,627.4374696829649
AC3668,1287.9531264290592
AC3669,1185.0523066115484
AC3670,422.22063484139903
AC3671,95.28203615267537
AC3672,356.20292777291786
AC3673,882.5607344384293
AC3674,901.5741350598183
AC3675,597.2476777799664
AC3676,1361.0180939813883
AC3677,1065.1221226228815
AC3678,1230.7762100942048
AC3679,416.37561035945197
AC3680,664.1756415066129
AC3681,582.6114351941502
AC3682,292.772787465039
AC3683,541.2800118232464
AC3684,471.8697642192518
AC3685,145.382855276724
AC3686,271.95821080681407
AC3687,808.6109494139894
AC3688,232.83707268694934
AC3689,789.5150090257356
AC3690,655.4325242530508
AC3691,488.647256610359
AC3692,184.6055383234802
AC3693,152.95498159990902
AC3694,242.1789645417358
AC3695,214.99586547983802
AC3696,105.56542722481059
AC3697,332.46710736702744
AC3698,150.20138125961554
AC3699,131.03447529669324
AC3700,1158.4506533457109
AC3701,246.7932819679016
AC3702,437.71654363902167
AC3703,188.80001706452913
AC3704,279.0282336070431
AC3705,678.3583773793433
AC3706,650.268393386843
AC3707,1530.4756690317388
AC3708,1230.1912404137684
AC3709,506.540148213969
AC3710,124.56997513366674
AC3711,1056.6300156350894
AC3712,320.38522018134296
AC3713,961.2533559002377
AC3714,1493.567816324855
AC3715,1343.6240116023316
AC3716,207.267689899711
AC3717,829.5686775857777
AC3718,1366.4650149862196
AC3719,1051.078406243262
AC3720,106.03036514274523
AC3721,319.0722400884624
AC3722,1541.6685258032282
AC3723,581.0562833250907
AC3724,80.67454772460842
AC3725,952.7548404320671
AC3726,103.7646316531457
AC3727,588.3562113184264
AC3728,306.50725551717693
AC3729,357.6806616701504
AC3730,584.2507090611706
AC3731,987.9421283710611
AC3732,540.7622278560318
AC3733,157.41949081625037
AC3734,505.4303847739898
AC3735,356.9175751615893
AC3736,711.4231603524735
AC3737,513.7386853218006
AC3738,356.1680040449869
AC3739,72.65496405857402
AC3740,370.86613504160994
AC3741,761.6665756319655
AC3742,717.5022414871842
AC3743,824.1088359258846
AC3744,68.18428199212154
AC3745,103.44782636971654
AC3746,338.78314086695076
AC3747,405.3146139881577
AC3748,102.87173353178173
AC3749,501.753052604552
AC3750,1443.4854250366375
AC3751,56.74997485690239
AC3752,86.07254150801782
AC3753,359.55039711955436
AC3754,658.6017346510812
AC3755,66.58259582681202
AC3756,345.1167440597802
AC3757,484.49921330878857
AC3758,494.08762165845945
AC3759,542.0694586370817
AC3760,221.62240220113821
AC3761,444.81805135847213
AC3762,506.4649870551485
AC3763,895.5485446929347
AC3764,453.54065309604505
AC3765,298.05294122614924
AC3766,463.47238360147935
AC3767,77.61682160824766
AC3768,1056.8728607251005
AC3769,1116.3311750812554
AC3770,133.73877850089463
AC3771,687.550103520677
AC3772,446.1618837420153
AC3773,86.07514499133086
AC3774,250.59399163163476
AC3775,37.6239424707536
AC3776,296.0672898200633
AC3777,98.79391668157749
AC3778,884.0322957290686
AC3779,1748.060576100439
AC3780,108.48130614896418
AC3781,649.1135822994461
AC3782,114.95713092354069
AC3783,622.2280949363604
AC3784,356.98965623352063
AC3785,373.3257252459702
AC3786,404.822202330858
AC3787,241.97379040564488
AC3788,734.1048363650788
AC3789,1452.720289021683
AC3790,896.4536220972154
AC3791,193.84493847437957
AC3792,879.2730761745481
AC3793,294.8176502675196
AC3794,850.4438976810168
AC3795,493.7243233024115
AC3796,306.0809433014613
AC3797,114.2135310979641
AC3798,614.6534273297852
AC3799,1052.4207626900422
AC3800,83.31395221754275
AC3801,91.650454144105
AC3802,229.67027482723225
AC3803,84.87410254143855
AC3804,23.224196821664098
AC3805,29.81181112786147
AC3806,770.0383099211929
AC3807,167.271155518448
AC3808,1422.1305075900045
AC3809,192.6765854661118
AC3810,510.0846538094846
AC3811,311.32411762825654
AC3812,566.8544497738632
AC3813,1057.20934611134
AC3814,781.2267301249083
AC3815,180.30689805321208
AC3816,807.5404683407971
AC3817,324.90610187296085
AC3818,1636.06626823009
AC3819,95.92340349326028
AC3820,148.5835379858058
AC3821,263.1877394382966
AC3822,215.45888943696625
AC3823,435.5206891640955
AC3824,430.1681649898267
AC3825,369.5053765854601
AC3826,363.406794399195
AC3827,574.3785702947218
AD1,141.9024695160824
AD2,401.5372424222128
AD3,65.67462600986211
AD4,630.5659940966954
AD5,116.39344026476378
AD6,150.3286876462186
AD7,365.8050553046593
AD8,711.3273999181934
AD9,644.0299992785855
AD10,348.00861191695935
AD11,137.28899461922407
AD12,151.92223781222023
AD13,809.2562672220088
AD14,694.980689925511
AD15,1014.9735263332943
AD16,632.3335868751932
AD17,765.5902530373812
AD18,578.1101899487526
AD19,1540.5063497878948
AD20,202.61149112602433
AD21,829.2755326937934
AD22,1325.7904616348155
AD23,1634.0431156192024
AD24,315.82808153661756
AD25,745.4828118658108
AD26,545.7107382714632
AD27,346.3106602139907
AD28,272.2305404721319
AD29,765.6585925441894
AD30,1130.2488204223973
AD31,281.4066856897711
AD32,406.23980749942035
AD33,491.6357669866295
AD34,227.71201863008397
AD35,670.0479339828047
AD36,196.56802441515487
AD37,38.200902111448514
AD38,1568.0425543784431
AD39,796.5801922657421
AD40,477.52074509824206
AD41,50.535154906237636
AD42,181.20956120939357
AD43,131.9653860970006
AD44,821.1687089946487
AD45,1717.033444364004
AD46,514.9568178678392
AD47,210.36646479200203
AD48,175.2164878543623
AD49,261.0477385301333
AD50,577.6618059074108
AD51,74.77838601646499
AD52,77.95757938848794
AD53,488.36816923722023
AD54,132.14111381364478
AD55,595.9922283403846
AD56,1140.0103989751813
AD57,837.1157576415038
AD58,1194.5166064575715
AD59,648.9925067845287
AD60,617.591351018466
AD61,822.9049765941826
AD62,1652.5531758832983
AD63,712.1696199629091
AD64,984.3361584582201
AD65,187.187526531377
AD66,565.1587873022264
AD67,128.07716142330636
AD68,1104.7976341680373
AD69,202.55200262959693
AD70,25.85554741037543
AD71,443.2850388936196
AD72,677.6908002765871
AD73,333.7053483861747
AD74,249.29425295126939
AD75,778.0627500064569
AD76,1395.7752196867964
AD77,270.2597425696229
AD78,402.97074935968334
AD79,1498.7294998443886
AD80,758.0974650459063
AD81,1181.7780334792108
AD82,606.6362200016174
AD83,99.5374258698069
AD84,489.3619212013547
AD85,1009.83964193611
AD86,513.8286098341833
AD87,541.0372675112918
AD88,642.9185727033629
AD89,79.20166431854672
AD90,805.9685566489273
AD91,1380.5709067844286
AD92,200.3539729231829
AD93,573.928703054618
AD94,522.0154793783056
AD95,144.746357541606
AD96,683.781991677623
AD97,346.359555197436
AD98,1086.6215116573867
AD99,34.04638169425578
AD100,814.7280054683007
AD101,217.2528456476343
AD102,102.74119231148097
AD103,159.12499089335554
AD104,250.99337855974494
AD105,972.0413546339835
AD106,878.8367667659902
AD107,1254.5191391954904
AD108,1195.9638626114877
AD109,133.24164505483822
AD110,640.1158128314997
AD111,503.705202159548
AD112,1172.784389015724
AD113,341.7964537247694
AD114,292.4725240049652
AD115,337.4871092761892
AD116,650.8785171929756
AD117,807.4386836463498
AD118,122.63016046623015
AD119,370.3412057554699
AD120,87.08291892833694
AD121,97.63516761206034
AD122,602.316370560443
AD123,32.52453648379883
AD124,580.0765752975367
AD125,602.3514805304684
AD126,417.4395543144652
AD127,1261.5501989772692
AD128,428.7807651175992
AD129,682.8486073548237
AD130,269.2085388503199
AD131,823.9173101691318
AD132,504.52639556714155
AD133,712.6581792549465
AD134,384.936742383476
AD135,1544.3274752959824
AD136,771.1021983789514
AD137,460.02993162731013
AD138,820.5601889530091
AD139,1513.806416423914
AD140,394.67016223981824
AD141,80.88348190518703
AD142,801.5579962699662
AD143,132.07691964946213
AD144,133.10360001800393
AD145,177.84198489250264
AD146,1178.6945468991253
AD147,920.7380339311243
AD148,820.896134950281
AD149,1092.4191274643204
AD150,730.8531142855173
AD151,265.06304988826736
AD152,1123.1658317831264
AD153,437.05361043862683
AD154,404.0986120046025
AD155,510.59769348200126
AD156,134.26042080976617
AD157,1324.1445421788983
AD158,374.91789011852376
AD159,783.6169189128308
AD160,1196.167298266298
AD161,684.4992730598575
AD162,203.97616188229884
AD163,519.9588735316594
AD164,864.5445044744412
AD165,585.9750624833025
AD166,444.7583042735486
AD167,442.3034732400541
AD168,446.7122462794544
AD169,833.3917286371751
AD170,94.17204438044894
AD171,704.8798402844096
AD172,243.72688485967632
AD173,610.8663573856674
AD174,658.0229172475331
AD175,329.7743830015424
AD176,310.08850729438143
AD177,414.4922020502302
AD178,1231.0241278507974
AD179,875.8610118367776
AD180,75.0861901513588
AD181,1277.3782157323321
AD182,250.01979461553628
AD183,75.83597327974532
AD184,1329.5183579111801
AD185,465.5259935646242
AD186,1293.1857171865204
AD187,533.1346109207501
AD188,97.20643239604202
AD189,1111.8124335494333
AD190,377.8504364089954
AD191,106.81652337094795
AD192,617.6444263073274
AD193,35.57889128953741
AD194,344.7056079672053
AD195,584.8018234841516
AD196,844.5138334266671
AD197,1184.7536590393775
AD198,193.17389442155329
AD199,110.84938396787462
AD200,612.2708957743104
AD201,1196.7636607613638
AD202,102.24070908945842
AD203,561.0567429942505
AD204,1118.1060962418155
AD205,172.43754169548583
AD206,306.0945767877612
AD207,827.3582214515752
AD208,720.1879205333672
AD209,621.816966730207
AD210,1893.204643413703
AD211,393.18148682256714
AD212,1107.260979310457
AD213,1325.3769852622659
AD214,390.6300959707708
AD215,601.4664028761308
AD216,49.4157188828341
AD217,1491.1134182304313
AD218,835.2864772349703
AD219,382.0136304198138
AD220,393.91663046189495
AD221,467.27898657346816
AD222,1314.660312151177
AD223,54.2731720633125
AD224,834.9308769340138
AD225,476.85221278227954
AD226,1709.0946700478382
AD227,542.8375558725467
AD228,287.1435934763693
AD229,443.7104906361664
AD230,406.6323777997911
AD231,474.25081905075336
AD232,841.7375069541846
AD233,569.8015662702651
AD234,536.9666655269145
AD235,302.506885725927
AD236,351.1878025597664
AD237,427.03144971182525
AD238,721.1231473620003
AD239,831.6165423692636
AD240,1579.768426498808
AD241,653.3232140311694
AD242,90.3606831136305
AD243,896.6459727336337
AD244,630.6805907716481
AD245,297.3500195351855
AD246,619.1169926504291
AD247,1384.4189878972584
AD248,713.9732809710015
AD249,277.48799119852845
AD250,808.8452332322794
AD251,640.4161069693548
AD252,1383.928841321298
AD253,150.06034383506488
AD254,79.48198672763247
AD255,661.4482927622673
AD256,116.64993552519232
AD257,1691.306747003671
AD258,563.7406784304029
AD259,238.86982695500384
AD260,692.2103427061556
AD261,150.1354389578282
AD262,52.065385693287105
AD263,667.735432806186
AD264,339.8849142963596
AD265,711.3802077717448
AD266,290.1792361111694
AD267,138.79749602728688
AD268,1044.511507594709
AD269,774.5885436227375
AD270,1503.6429526222216
AD271,202.41949445286883
AD272,509.6524469745919
AD273,103.47727343063822
AD274,332.0329916046695
AD275,859.6713991626973
AD276,193.23699109346785
AD277,55.88396157916102
AD278,760.1050044718291
AD279,280.1931940260629
AD280,799.7708739317001
AD281,412.81746500453824
AD282,1378.242000664317
AD283,148.32564681107831
AD284,75.9959134483741
AD285,191.81841716956018
AD286,87.35995786649944
AD287,546.710681541434
AD288,294.3318502738534
AD289,93.88133333555983
AD290,1727.0222880082526
AD291,165.2380153422771
AD292,785.3453740689266
AD293,736.550502900876
AD294,797.8924213548809
AD295,264.28957298826873
AD296,541.9004257441052
AD297,49.558056363986616
AD298,760.982971593088
AD299,890.4871716978782
AD300,308.8467229141065
AD301,159.01534235309504
AD302,404.9500810431226
AD303,516.4537581046505
AD304,963.303649340493
AD305,578.5513118769559
AD306,401.3632370558149
AD307,185.75571370243514
AD308,391.38457349678526
AD309,213.86603232602096
AD310,574.470775231706
AD311,713.301032769687
AD312,1863.0667376633062
AD313,1384.126113539931
AD314,151.17142249880882
AD315,724.9949135191073
AD316,529.2512092829443
AD317,1223.5119087820053
AD318,511.2901023515354
AD319,349.5033758777475
AD320,465.71040386758983
AD321,1150.1614740352695
AD322,349.6571666335582
AD323,53.21705309246852
AD324,673.0431018185569
AD325,1233.7836910443987
AD326,461.6746616869713
AD327,1263.7504491797345
AD328,361.0825378093047
AD329,1158.130998448995
AD330,837.137492068589
AD331,452.039999854995
AD332,469.8209314812161
AD333,435.7260491691801
AD334,384.9069380477519
AD335,277.4031222298049
AD336,83.40982278014303
AD337,544.6673716682687
AD338,243.29097570079452
AD339,1188.6003727995692
AD340,482.3169424069732
AD341,432.94763784679236
AD342,362.5250345675343
AD343,93.16868612442525
AD344,1370.625018882671
AD345,170.54590999817634
AD346,507.97282496110483
AD347,987.275601537176
AD348,177.95150538983094
AD349,871.1057348076806
AD350,685.5831457376138
AD351,612.1127703905835
AD352,498.4071037011147
AD353,387.4446040090616
AD354,390.9458545053823
AD355,1556.1869284685372
AD356,427.0708118675311
AD357,67.77649642291813
AD358,499.68838368589456
AD359,152.83616173954158
AD360,773.242779516379
AD361,143.995638972819
AD362,197.6973619230922
AD363,903.1217063000147
AD364,667.2922818524014
AD365,210.84210935912787
AD366,164.83384338972903
AD367,264.95389807869935
AD368,160.1871401636407
AD369,422.90740524272263
AD370,553.4902794929935
AD371,61.10544823556254
AD372,1394.1040888286018
AD373,1409.9897139464051
AD374,251.96314123708882
AD375,801.3654519584559
AD376,676.9256381520911
AD377,1819.0529229822102
AD378,275.754093529963
AD379,1247.0845591144366
AD380,103.47322842014339
AD381,259.24592288509587
AD382,303.2621989731741
AD383,205.19149811720587
AD384,173.10754927116028
AD385,173.16346304479075
AD386,764.2762578374021
AD387,293.59391125484956
AD388,884.0580907485335
AD389,707.9569474935325
AD390,610.6133452977751
AD391,773.0783271195912
AD392,893.2160939880254
AD393,1358.0054917124648
AD394,132.40224896034968
AD395,334.75496230232227
AD396,178.09002821817637
AD397,965.6918056269011
AD398,393.37524241709485
AD399,1288.254670853047
AD400,205.1496754817344
AD401,854.9348349646737
AD402,207.6009693377888
AD403,743.5037188450332
AD404,1313.6609503841828
AD405,315.5794662519697
AD406,293.8926597380548
AD407,494.2424183045362
AD408,329.5917385122131
AD409,53.95945456877444
AD410,265.6556980611931
AD411,1008.2170102952549
AD412,183.88836089654185
AD413,82.22819860671656
AD414,373.2784104955647
AD415,641.6220853592596
AD416,226.42958314955442
AD417,520.6226101573654
AD418,343.1385816486313
AD419,472.7374647496222
AD420,167.93296645019223
AD421,637.0547856697817
AD422,48.18222841706394
AD423,890.0128509649501
AD424,363.1109052103421
AD425,573.7167110533703
AD426,327.66681454419216
AD427,291.0811153289235
AD428,1186.5418009868888
AD429,294.12040455553444
AD430,268.6345905960738
AD431,500.56468900548964
AD432,360.6082920697172
AD433,1412.8326312009629
AD434,431.06985632009844
AD435,607.2782361980718
AD436,83.01222957165152
AD437,250.25791411161464
AD438,500.7932907916068
AD439,83.9771438115321
AD440,75.36192672626531
AD441,436.7765199365158
AD442,350.8053576101781
AD443,470.1393732207181
AD444,287.1823782285695
AD445,964.4833543406888
AD446,300.6461609538669
AD447,1129.1933100559245
AD448,166.5669871739273
AD449,796.9844327775515
AD450,894.6702748593838
AD451,1143.4585722957759
AD452,639.6853767581641
AD453,383.82870960964493
AD454,502.801603341081
AD455,716.1514388065016
AD456,245.62893886989812
AD457,197.57525706187747
AD458,57.67928171967955
AD459,212.32041871764622
AD460,1625.4233705965983
AD461,1419.3749105339878
AD462,570.9511253708831
AD463,1537.0226963024818
AD464,562.389284223602
AD465,66.37206944418884
AD466,1306.9610709948022
AD467,1095.761406639303
AD468,177.92145311036458
AD469,338.55299737337043
AD470,1463.644156937525
AD471,401.1541996089305
AD472,550.696537034021
AD473,200.45538206551083
AD474,668.3349994884522
AD475,934.3710035065833
AD476,1719.9901968910858
AD477,888.3244546586733
AD478,190.08727914441084
AD479,475.7184648322608
AD480,204.8645303211822
AD481,541.9958017669993
AD482,295.6990171436987
AD483,570.9824757095622
AD484,1356.5393287282857
AD485,1364.3865258904082
AD486,107.69055049805378
AD487,357.12074629092797
AD488,626.383083703462
AD489,966.6532438580659
AD490,841.8459963521228
AD491,129.67404722250365
AD492,74.02214271325926
AD493,768.607705589366
AD494,568.074038905514
AD495,522.6370137758045
AD496,1218.062283065084
AD497,546.6973704685447
AD498,431.9161239219852
AD499,386.08489009059645
AD500,295.45705816438306
AD501,410.8583994513613
AD502,408.02398525105184
AD503,538.7816495412047
AD504,406.8309772950256
AD505,388.85619802803456
AD506,1193.0546612308892
AD507,184.85286041191532
AD508,664.1365985395115
AD509,675.177460846169
AD510,123.84529463125803
AD511,97.26812359324258
AD512,505.22770185812897
AD513,321.63401631102386
AD514,90.40882615156669
AD515,133.2464534100011
AD516,341.24954016431724
AD517,331.00863603584963
AD518,864.2434853695364
AD519,1005.2197144731048
AD520,772.9651795287715
AD521,1875.8270272594166
AD522,659.7119117008174
AD523,228.91763118640569
AD524,777.0839621881347
AD525,142.89363956809046
AD526,308.8121084817257
AD527,299.56760009604903
AD528,90.2629439984932
AD529,163.15358122095043
AD530,1255.9559611707073
AD531,104.38960672293841
AD532,168.15191518138965
AD533,804.8850786824738
AD534,711.069670297193
AD535,1183.3485361303299
AD536,102.6123647182753
AD537,149.39145194095053
AD538,1071.073059022137
AD539,577.0780716065645
AD540,114.08292112709088
AD541,546.6826392505642
AD542,591.2577408578971
AD543,373.2084375142946
AD544,180.04266636296754
AD545,1585.830050817859
AD546,40.14671418682262
AD547,394.70714447370517
AD548,283.6157581200414
AD549,956.3838448935683
AD550,342.1681800382293
AD551,759.1240414541069
AD552,363.0318527315957
AD553,119.65598043601109
AD554,604.3647282999685
AD555,356.4714709711796
AD556,355.944319018834
AD557,378.6905944194086
AD558,448.75644004320975
AD559,1248.703624072802
AD560,286.43973422026204
AD561,145.3197397738529
AD562,1290.2718709227474
AD563,329.8666907380588
AD564,234.09146477076433
AD565,414.86352222638027
AD566,691.4993453703304
AD567,1214.0006897887629
AD568,454.3700828293049
AD569,221.42535317075576
AD570,903.0080770987686
AD571,1111.7432917404665
AD572,785.2373555071346
AD573,616.4777155452132
AD574,1084.637220991999
AD575,847.8207037263928
AD576,30.834260552284846
AD577,495.10497102297757
AD578,1209.4903663268724
AD579,844.0881152879454
AD580,272.08522411467993
AD581,162.73441802581232
AD582,172.3558558501364
AD583,1548.937057764472
AD584,701.8553035219724
AD585,107.45833248199405
AD586,334.0390644376709
AD587,720.512557545944
AD588,185.0096822571383
AD589,242.78410869511362
AD590,673.3577686751025
AD591,696.8285751777208
AD592,295.5735025848188
AD593,893.4253297150537
AD594,331.68612382346146
AD595,947.8876848354897
AD596,1056.0840032485805
AD597,1713.3241476017981
AD598,1315.3680349717108
AD599,431.0249552868485
AD600,321.37699057755015
AD601,206.69989429261014
AD602,656.1091319264992
AD603,308.42194967521175
AD604,123.329661670223
AD605,617.3583069164333
AD606,946.0921626582697
AD607,157.98888575000635
AD608,461.77836633948584
AD609,664.6441680475095
AD610,32.22444431651394
AD611,531.7337848506648
AD612,905.2403955781552
AD613,821.5277842110403
AD614,633.0129177437117
AD615,262.5403285229613
AD616,369.2661284061101
AD617,484.64640493340045
AD618,99.88214509984027
AD619,377.3984136696676
AD620,839.4258534940797
AD621,747.1367395780901
AD622,75.49331056295405
AD623,984.4556890309443
AD624,946.4038396327983
AD625,457.97892558273116
AD626,416.63042577328497
AD627,723.9877133940337
AD628,268.0027152290479
AD629,615.8362883346887
AD630,416.4293272294346
AD631,506.5906454488473
AD632,146.68097855283256
AD633,99.22205124642058
AD634,69.77068281853666
AD635,179.8672365763596
AD636,397.8155191168387
AD637,197.0911482426749
AD638,484.78846071958554
AD639,468.21612815601515
AD640,188.1732557668782
AD641,705.6496967894008
AD642,615.5183409065913
AD643,572.268398163614
AD644,93.27064694767117
AD645,704.853113593162
AD646,866.5261195840087
AD647,155.62132834528836
AD648,556.1966135371657
AD649,257.0036458284123
AD650,413.0883036666721
AD651,1174.4957892700415
AD652,636.0754430746645
AD653,388.09189379157186
AD654,521.1742591871013
AD655,333.46718633402804
AD656,751.8459733655844
AD657,864.7070283420344
AD658,243.14286336991242
AD659,1402.2290173927108
AD660,259.1279507533023
AD661,1351.4357820744874
AD662,270.67228186101704
AD663,145.55877599360238
AD664,343.43170495405906
AD665,189.1024992885457
AD666,387.93536789937644
AD667,181.5840393184326
AD668,337.07095953306543
AD669,306.53468935992197
AD670,1455.9212833827614
AD671,651.3409853959039
AD672,608.5825371336058
AD673,992.8833837536218
AD674,453.99299873830955
AD675,256.947958898414
AD676,1033.787390335825
AD677,451.2847850825523
AD678,645.9913318976455
AD679,79.71703897188887
AD680,967.9944568937492
AD681,1777.398312883793
AD682,649.9334431859004
AD683,905.5740798745717
AD684,339.4194376095151
AD685,1698.9029316909662
AD686,1286.551533257794
AD687,412.6462685117203
AD688,1709.9902274598128
AD689,407.0852609469302
AD690,408.99113718180814
AD691,1052.913965856615
AD692,358.8027164522269
AD693,72.11767891390177
AD694,63.92899894135302
AD695,710.0804093427452
AD696,859.3795635723252
AD697,254.87465468531408
AD698,733.4505095468736
AD699,756.9283546113784
AD700,126.92495396058199
AD701,967.0340333832405
AD702,974.3673550773442
AD703,562.008340100326
AD704,411.01473115567154
AD705,190.8861434747643
AD706,171.78935776726885
AD707,819.1357063973293
AD708,715.84456157917
AD709,477.4525481596955
AD710,97.37556257847538
AD711,473.54811990429107
AD712,494.068268684603
AD713,166.9557025885566
AD714,25.265335835635234
AD715,240.25159674748915
AD716,627.9053418600702
AD717,229.32357733441287
AD718,497.50368286566675
AD719,1050.3134567283364
AD720,91.34812637514104
AD721,293.4615720875072
AD722,761.4102294035456
AD723,192.30754115551355
AD724,603.1803929290967
AD725,441.2684390402828
AD726,519.3719468393833
AD727,1336.2591338877473
AD728,891.5069436711882
AD729,810.8811638227237
AD730,973.5608504458382
AD731,425.4602995897872
AD732,230.88699707064217
AD733,592.9159158575019
AD734,417.3020764132324
AD735,348.3405527720725
AD736,600.3687516520241
AD737,1265.1174986443177
AD738,374.99880604233795
AD739,854.422650305764
AD740,496.9198462141951
AD741,175.08877312891843
AD742,893.2626752493234
AD743,464.50662817132013
AD744,1378.707491229774
AD745,91.6447063026138
AD746,107.89284780524139
AD747,1263.3327705661789
AD748,948.5547893349559
AD749,660.5389785838896
AD750,294.79215362779587
AD751,1149.3851636945312
AD752,166.3524057529039
AD753,65.43873627075224
AD754,844.0501910424327
AD755,387.6235882586673
AD756,380.03465585957895
AD757,829.656617320067
AD758,754.2723462937795
AD759,714.6493126871497
AD760,84.99251321510066
AD761,1221.8021230351537
AD762,712.1986594773706
AD763,552.0536155334579
AD764,184.38712197271977
AD765,80.13819122515065
AD766,424.60901453310487
AD767,344.0746634953325
AD768,177.06498673220054
AD769,49.619787277990916
AD770,194.40729134041027
AD771,64.24633589488462
AD772,264.98143446983914
AD773,265.81385466668445
AD774,459.76912920975377
AD775,233.49541715097922
AD776,934.286390212036
AD777,604.5770791082172
AD778,625.7166288582274
AD779,673.8854870257369
AD780,779.6866762548817
AD781,482.07905216711174
AD782,561.3886253415124
AD783,507.18222982173756
AD784,502.2148255278196
AD785,72.10019337270964
AD786,336.6990790490924
AD787,350.55774125715635
AD788,296.7214554451822
AD789,820.9096506043414
AD790,215.22258845213656
AD791,1030.2975339961297
AD792,1087.4923524327019
AD793,1785.9608618000434
AD794,457.7790901995256
AD795,1066.4407933150155
AD796,718.9343813191132
AD797,1247.9379431864088
AD798,184.1545795030275
AD799,225.57614940610478
AD800,1447.7174543299352
AD801,1295.3832065086838
AD802,297.0935431172697
AD803,747.7941535018433
AD804,159.50116054999413
AD805,922.1776193039747
AD806,155.50044495299434
AD807,1123.0609310245613
AD808,307.6185348376431
AD809,363.8352791339602
AD810,342.939009530151
AD811,186.98618992791702
AD812,794.078742246046
AD813,510.74034315907716
AD814,1234.566837368087
AD815,277.8099982533759
AD816,1267.2402367656043
AD817,55.102018217092144
AD818,514.8431584969079
AD819,49.15051448097266
AD820,1096.9049640952474
AD821,410.35987699842326
AD822,898.6749984376684
AD823,881.9562853008019
AD824,1043.710127845488
AD825,305.0474515950587
AD826,333.71191016186725
AD827,579.2500356514737
AD828,297.9506907342873
AD829,545.3639144196114
AD830,228.20713526430637
AD831,62.91277904073981
AD832,152.4128972843487
AD833,347.03654779795113
AD834,235.9973827531899
AD835,716.1988217782696
AD836,205.27654265273938
AD837,672.3462538300918
AD838,666.1135343744811
AD839,1629.1669008458484
AD840,371.8823996508259
AD841,415.3606753621021
AD842,266.64007196404447
AD843,691.6792959183214
AD844,918.7628121841121
AD845,565.3911110339294
AD846,544.284486069055
AD847,486.1974857008082
AD848,349.40122514496056
AD849,1086.810869741509
AD850,176.94995566885245
AD851,605.704966090645
AD852,145.0267637545652
AD853,514.7360728978624
AD854,986.6988697142291
AD855,208.94046607603602
AD856,1270.790082829962
AD857,309.7177880806603
AD858,216.24524919078772
AD859,764.5403107914033
AD860,1605.6979797443562
AD861,368.5969598680253
AD862,487.60870776343216
AD863,1310.7493663523053
AD864,76.08497525878362
AD865,639.5986619109525
AD866,975.1994952021927
AD867,187.303305251162
AD868,222.7300826032544
AD869,834.8034963025398
AD870,1363.5708401659924
AD871,558.6215124567063
AD872,440.42431163577766
AD873,158.69235447726416
AD874,580.5537897153968
AD875,159.95520168132023
AD876,91.06514737816241
AD877,1427.137198940822
AD878,349.11130190093087
AD879,444.29743370561744
AD880,779.6237310797841
AD881,166.22543980137667
AD882,585.1391225459757
AD883,1656.3185188166583
AD884,425.9726781017266
AD885,986.1340138559534
AD886,283.2329051256543
AD887,598.6867710147917
AD888,529.8126847788488
AD889,482.13065774863054
AD890,436.13340996228675
AD891,309.72912230834555
AD892,674.7238465266594
AD893,637.4878042605811
AD894,601.3280834265396
AD895,1150.2412520040082
AD896,596.3406008477159
AD897,845.7762927214262
AD898,202.7957108719994
AD899,1052.4081332620628
AD900,455.64926652057517
AD901,185.46300764034083
AD902,402.16688288512034
AD903,422.65562316512325
AD904,133.91870594421158
AD905,1350.7109435800382
AD906,1057.5802708066162
AD907,801.1637770404884
AD908,1484.925461455827
AD909,216.36903018639322
AD910,364.93594773810935
AD911,513.0653465709427
AD912,461.0118349142444
AD913,1369.3730779186876
AD914,926.6070052874818
AD915,680.2769151013645
AD916,82.4637615005499
AD917,342.36426372953804
AD918,246.07356273596142
AD919,663.6674831304347
AD920,334.07290357649777
AD921,72.87178197306407
AD922,912.3813145348466
AD923,1214.3653296582543
AD924,896.2146490809079
AD925,43.46906098291427
AD926,632.9189404776318
AD927,473.8060360389962
AD928,81.49925318533458
AD929,406.14393901748895
AD930,907.2480799535801
AD931,489.0092579443332
AD932,964.5661263232415
AD933,1137.647916168165
AD934,175.59776747362395
AD935,1249.2268608256747
AD936,1407.5773570041863
AD937,256.0322633531463
AD938,138.91445536984997
AD939,492.2780123227902
AD940,636.9306351688929
AD941,1026.6801416956484
AD942,188.44016294224784
AD943,602.5245048711656
AD944,185.9059378623446
AD945,244.4593125310052
AD946,218.66804653012284
AD947,1319.8001949222244
AD948,397.0477189630895
AD949,340.76180311957984
AD950,24.58033228998113
AD951,148.39693424639444
AD952,302.64249078378714
AD953,654.7650515432379
AD954,73.39276640047954
AD955,257.5392761031889
AD956,545.1349402125488
AD957,1362.5400924363605
AD958,264.342835282916
AD959,261.4690237782195
AD960,1456.8301333471097
AD961,824.8330578141176
AD962,443.9613966352134
AD963,644.4922644370823
AD964,486.78379521530854
AD965,629.9456631583314
AD966,807.471928373014
AD967,1102.3565941443258
AD968,403.54252070014473
AD969,515.8421810377956
AD970,287.1305274448321
AD971,312.0649520404915
AD972,215.82440855787905
AD973,1160.4285164757473
AD974,355.85812049985816
AD975,149.19072337621083
AD976,250.4900861163497
AD977,207.28488006769203
AD978,336.40129391589824
AD979,157.3841915296694
AD980,106.75658260751445
AD981,564.2633123240414
AD982,436.6288517969903
AD983,277.85516562433963
AD984,485.80659253321625
AD985,274.52584498154795
AD986,529.9927594921917
AD987,199.85634852237806
AD988,38.4680608555892
AD989,374.4623131793625
AD990,395.244178147805
AD991,1133.8904292268162
AD992,31.725175942858186
AD993,218.00836016007852
AD994,388.65481645168296
AD995,155.1942158176036
AD996,918.0651792786235
AD997,41.738865072378665
AD998,917.7593714503811
AD999,1199.1700516605254
AD1000,92.33722322105149
AD1001,227.9746034267587
AD1002,127.55499578631455
AD1003,485.4705939601975
AD1004,235.56912393531695
AD1005,262.08582581807417
AD1006,350.11758996042755
AD1007,498.867973281034
AD1008,333.52186957765963
AD1009,282.0565938595787
AD1010,1190.3094563292411
AD1011,1499.948097622384
AD1012,264.40020893575115
AD1013,213.27317264344504
AD1014,522.5310176292069
AD1015,608.8607528376341
AD1016,964.1865878307267
AD1017,1020.0681641735143
AD1018,170.22863387082472
AD1019,514.8385375838253
AD1020,452.92375343521525
AD1021,1720.0153458480772
AD1022,448.79539769909843
AD1023,1069.9653768395099
AD1024,1051.7949741737154
AD1025,957.4455554353038
AD1026,781.7399017430919
AD1027,344.53454947400553
AD1028,32.626755039503884
AD1029,968.4474694951876
AD1030,886.092300444788
AD1031,245.5825650615173
AD1032,895.6725074211769
AD1033,1340.983449372723
AD1034,721.7983349901932
AD1035,164.5287941202781
AD1036,1302.8033884346974
AD1037,319.28987341972044
AD1038,1593.025986876515
AD1039,551.0559315342814
AD1040,395.3889942971916
AD1041,464.27617638043654
AD1042,1109.2385529562634
AD1043,1319.1285144858539
AD1044,294.2069580916799
AD1045,953.6151315963732
AD1046,776.6342231033858
AD1047,786.5195744204732
AD1048,245.60874453592658
AD1049,1461.2228113135873
AD1050,51.88254681943652
AD1051,318.67051961465654
AD1052,227.11010580567944
AD1053,177.77963610832018
AD1054,1041.9246522175295
AD1055,480.50116280290655
AD1056,1121.4023570636637
AD1057,1305.9087006385498
AD1058,1150.9499163070316
AD1059,537.7064320711794
AD1060,1724.9278932048726
AD1061,313.93527795200225
AD1062,817.6045674993998
AD1063,532.5776725326598
AD1064,456.47467252562217
AD1065,729.8105533603099
AD1066,1529.6096326669383
AD1067,801.2083042341841
AD1068,91.38773796754167
AD1069,460.6080975116834
AD1070,862.0970544371562
AD1071,648.9656797034407
AD1072,1158.6364164878137
AD1073,993.4877450801206
AD1074,423.574525604561
AD1075,493.0214117183684
AD1076,637.4569532325456
AD1077,864.852319339436
AD1078,1150.0229094823503
AD1079,1240.0717942731842
AD1080,159.86806505360713
AD1081,464.54123950589343
AD1082,1297.027776779741
AD1083,373.53622467511866
AD1084,518.3023877873048
AD1085,431.55753645566983
AD1086,525.7544539254948
AD1087,72.31908583749363
AD1088,698.4811166495113
AD1089,135.73222802502383
AD1090,1177.0675466123173
AD1091,990.8937440275027
AD1092,162.77493917965606
AD1093,1636.193268645297
AD1094,480.7466757536888
AD1095,121.19394371344984
AD1096,234.6850856408396
AD1097,295.14716416519207
AD1098,178.8074639452972
AD1099,513.9064944685498
AD1100,317.0378537303777
AD1101,398.1484994025556
AD1102,327.0817384765275
AD1103,327.41047908768235
AD1104,429.41989802986126
AD1105,546.6987443876803
AD1106,444.16813531055243
AD1107,464.56453658964097
AD1108,526.4372883377966
AD1109,349.49981925573866
AD1110,489.7349301802088
AD1111,435.9510695568397
AD1112,263.7400897336337
AD1113,446.6310302606521
AD1114,444.0627110895406
AD1115,320.10548988583065
AD1116,444.1134383123835
AD1117,435.20171656424475
AD1118,563.0218152678867
AD1119,531.6087002899479
AD1120,372.9089746115599
AD1121,408.96406914418293
AD1122,360.540110707938
AD1123,402.5585970131922
AD1124,550.1881638157349
AD1125,482.96094046773237
AD1126,484.64947426400323
AD1127,424.86790958058333
AD1128,327.5296649574152
AD1129,420.7115318499464
AD1130,373.78233019483736
AD1131,485.33368434352053
AD1132,398.0315214274405
AD1133,511.7361738641622
AD1134,441.17445387076623
AD1135,468.25843671900003
AD1136,355.4875824386138
AD1137,398.4242474734805
AD1138,485.0033930938097
AD1139,487.93557342619005
AD1140,415.60469375062013
AD1141,638.2343528899893
AD1142,399.2749710112547
AD1143,682.8832538010319
AD1144,313.0098729922021
AD1145,416.28709167020656
AD1146,346.7813137933827
AD1147,512.4289529589836
AD1148,374.1261374069338
AD1149,611.4497496235513
AD1150,370.7619591871906
AD1151,495.7270425785264
AD1152,507.38320483123005
AD1153,296.71709445973335
AD1154,328.401179182549
AD1155,393.5571025522956
AD1156,559.5714908259343
AD1157,377.3397812138534
AD1158,395.1615731700956
AD1159,377.0474869122657
AD1160,514.4787882048621
AD1161,289.8031351429919
AD1162,344.68028222089356
AD1163,404.22561701088176
AD1164,554.1659364758616
AD1165,433.1066947924085
AD1166,536.1592892582478
AD1167,509.93583152302836
AD1168,363.3255584150011
AD1169,524.6761334054556
AD1170,498.0254264950877
AD1171,347.4258907161288
AD1172,484.24479935483254
AD1173,381.5014887594188
AD1174,384.13653081399195
AD1175,436.410414871895
AD1176,394.54423580871617
AD1177,463.34338501031056
AD1178,392.31869961982716
AD1179,439.28714787303363
AD1180,516.2005457125396
AD1181,581.2133774556296
AD1182,494.46869046194297
AD1183,470.78827327951024
AD1184,417.64953789880474
AD1185,377.94844572869
AD1186,362.95981197565544
AD1187,535.6967327536915
AD1188,436.86097798686114
AD1189,347.7376581481578
AD1190,378.27339048765276
AD1191,559.243892960649
AD1192,488.72967914550173
AD1193,427.7532452071938
AD1194,397.24481490838235
AD1195,557.1044091754896
AD1196,387.5059788383164
AD1197,358.07754325588445
AD1198,436.0988180833228
AD1199,435.0560339381042
AD1200,462.4205462207811
AD1201,529.1075433185518
AD1202,391.95107032383174
AD1203,533.2543029673029
AD1204,437.57429372925907
AD1205,469.05361711947677
AD1206,437.9327100055414
AD1207,434.8894049349463
AD1208,388.74261879959545
AD1209,329.4571998260993
AD1210,456.1165489768117
AD1211,425.9161756008248
AD1212,491.30780219029066
AD1213,330.1744604366412
AD1214,467.22511281725525
AD1215,506.8459662960376
AD1216,495.6100785999056
AD1217,519.5068698439017
AD1218,408.4452445559139
AD1219,477.2689860965794
AD1220,498.7748951671907
AD1221,440.5494060378233
AD1222,415.5667490714376
AD1223,444.0305899841788
AD1224,436.5329168321552
AD1225,428.3163426340939
AD1226,324.33851580844424
AD1227,484.46913516564626
AD1228,419.5125909036477
AD1229,482.76278220088506
AD1230,444.20107118964296
AD1231,464.87313405194067
AD1232,502.2006341718522
AD1233,479.00322739470454
AD1234,543.5025937563305
AD1235,425.9889794769091
AD1236,510.96180479541516
AD1237,342.7894993923127
AD1238,475.95446533354504
AD1239,557.1252461243268
AD1240,421.7457194419487
AD1241,444.37753251408003
AD1242,342.7019950394252
AD1243,381.4177262134991
AD1244,427.85016931164444
AD1245,435.00978194895185
AD1246,329.2802960361346
AD1247,369.5155197954549
AD1248,384.9493398605256
AD1249,492.99820035196694
AD1250,442.785678116902
AD1251,523.584298645179
AD1252,356.8256100746932
AD1253,503.2352722912349
AD1254,344.9820100464965
AD1255,462.13719071556187
AD1256,629.9526536975593
AD1257,314.20881222133124
AD1258,423.3610418884164
AD1259,403.6585155365539
AD1260,346.98502630061324
AD1261,448.9645713207421
AD1262,384.5771635170702
AD1263,579.4533535062619
AD1264,450.5065310641056
AD1265,413.2352741546842
AD1266,334.08009210731825
AD1267,585.777974673453
AD1268,407.6313310841361
AD1269,404.8222321687424
AD1270,350.92999468034935
AD1271,603.9083669065116
AD1272,394.01117686783465
AD1273,445.348450401691
AD1274,392.94308385419333
AD1275,451.5227073633916
AD1276,477.49927463840214
AD1277,348.7676299394274
AD1278,366.14011418309696
AD1279,420.9485554152164
AD1280,401.64934797745
AD1281,306.91068192329135
AD1282,581.7832065559993
AD1283,466.35649678886097
AD1284,455.92030225160426
AD1285,400.96466838564703
AD1286,380.86417201506936
AD1287,406.18175407088773
AD1288,491.0136070383007
AD1289,459.17638254196436
AD1290,455.5714044757461
AD1291,472.62498278444326
AD1292,406.69516699405636
AD1293,502.7708526279824
AD1294,375.25343412176784
AD1295,365.8475710456568
AD1296,496.0620200157675
AD1297,442.38599265075305
AD1298,355.69458913504394
AD1299,340.9835733311585
AD1300,473.9759578459266
AD1301,569.6640387302217
AD1302,440.5261473432363
AD1303,509.0902042571709
AD1304,569.378396322766
AD1305,294.62180684078305
AD1306,436.4280326037512
AD1307,333.55882094198853
AD1308,492.1891541330268
AD1309,384.2645933670903
AD1310,357.2274738688087
AD1311,454.78879655588213
AD1312,441.7446612537442
AD1313,368.6473801701633
AD1314,618.1231534752116
AD1315,293.2034783742457
AD1316,485.5227569874318
AD1317,412.1376178401323
AD1318,410.72112904710764
AD1319,419.91345980045253
AD1320,340.3501224832976
AD1321,361.0327670825364
AD1322,547.5335594221165
AD1323,454.09461561360854
AD1324,307.3088174049119
AD1325,421.78268549632094
AD1326,368.10014710796946
AD1327,355.6046638014257
AD1328,356.3129498391197
AD1329,435.23072672670565
AD1330,523.4713274626729
AD1331,434.8272221963076
AD1332,423.69941564405104
AD1333,493.5757914212279
AD1334,820.1496222619795
AD1335,583.0637554670856
AD1336,143.15696872172668
AD1337,83.57765315318045
AD1338,112.93113699220442
AD1339,394.5545861783043
AD1340,452.04793939078235
AD1341,1029.2059060614063
AD1342,404.5673661486571
AD1343,507.81822588963894
AD1344,292.79789342817014
AD1345,1269.5618710547262
AD1346,1488.231104949714
AD1347,828.9845752244167
AD1348,204.95747976707978
AD1349,457.7293971538409
AD1350,678.3280279257598
AD1351,252.77870629640873
AD1352,439.94818613125983
AD1353,394.95731953022454
AD1354,49.40112634335888
AD1355,487.6651170943878
AD1356,110.79622784614695
AD1357,113.57106995095624
AD1358,57.5675893281174
AD1359,548.5573602763134
AD1360,175.2486644933219
AD1361,249.52023955698823
AD1362,546.3510491363904
AD1363,409.06299547706624
AD1364,215.5594245585021
AD1365,674.550821638619
AD1366,317.80132823148324
AD1367,574.9564478472321
AD1368,999.020225425213
AD1369,339.1310920183777
AD1370,957.4197343477225
AD1371,367.0714844190772
AD1372,135.89030675492478
AD1373,706.5184404997908
AD1374,114.77344069000237
AD1375,1058.3579189559034
AD1376,446.55076171267814
AD1377,1216.6429072545914
AD1378,1166.5339276313834
AD1379,412.3041522200568
AD1380,145.75508111955648
AD1381,471.3253049875733
AD1382,141.837378265104
AD1383,316.25396191079574
AD1384,1192.027393911478
AD1385,102.93104283163117
AD1386,1869.5764148268604
AD1387,377.15841690937447
AD1388,343.7166174099656
AD1389,625.0755675566783
AD1390,555.0821107653243
AD1391,778.2565159633926
AD1392,516.5101582767338
AD1393,918.9153977301514
AD1394,451.6390856872651
AD1395,1466.7241107226312
AD1396,274.2503092224277
AD1397,261.5500370021341
AD1398,112.87401602821646
AD1399,845.3418726527566
AD1400,1497.7076683420362
AD1401,1100.793042910386
AD1402,347.6299189416404
AD1403,877.383852417407
AD1404,153.30716912791019
AD1405,1315.491644506586
AD1406,260.5194234659386
AD1407,136.37082025714565
AD1408,670.135275798042
AD1409,1478.7489013998318
AD1410,353.2826773245464
AD1411,132.80012604596286
AD1412,763.5972275280348
AD1413,136.13467838405774
AD1414,135.33690314551183
AD1415,168.47451780771914
AD1416,960.1453692435282
AD1417,361.4344808944225
AD1418,1438.1747675747752
AD1419,167.19246941370753
AD1420,345.83443542166447
AD1421,166.63002899670715
AD1422,397.0282042450866
AD1423,881.0388107869996
AD1424,104.9742263039334
AD1425,879.8774378240536
AD1426,688.9427873411825
AD1427,365.16268869271454
AD1428,77.73607693467805
AD1429,1319.2776623628642
AD1430,1372.938588798554
AD1431,1096.5753863302505
AD1432,317.5782675310618
AD1433,1660.2850425100107
AD1434,146.54106378321706
AD1435,1037.0333389858622
AD1436,398.8506359137171
AD1437,610.9654002002854
AD1438,321.96637653498715
AD1439,310.0877133208198
AD1440,57.29126421622872
AD1441,533.8652653443106
AD1442,621.9431911156023
AD1443,570.4617953889391
AD1444,188.6542908772548
AD1445,1888.1945430355033
AD1446,404.5888523093132
AD1447,1460.0186995766633
AD1448,322.24972886233206
AD1449,180.84837866131392
AD1450,71.10099901220623
AD1451,225.63420302898086
AD1452,425.30056468281435
AD1453,186.72527146232594
AD1454,1605.376519613893
AD1455,701.4372337866954
AD1456,203.4730270311923
AD1457,318.0990799613352
AD1458,360.07120591101506
AD1459,193.14193842659216
AD1460,304.53569022767294
AD1461,1566.9049733666975
AD1462,368.33228696609103
AD1463,170.91297416927856
AD1464,899.8891552652125
AD1465,79.37910237132573
AD1466,88.71715452821941
AD1467,131.15253399708033
AD1468,50.30022466805648
AD1469,578.8792904309707
AD1470,566.2099364148565
AD1471,324.47188891349543
AD1472,460.22316282789006
AD1473,28.87585712855769
AD1474,830.8710946538447
AD1475,550.1572377289667
AD1476,1192.1567041107005
AD1477,1027.1200749924258
AD1478,393.21419229142367
AD1479,373.93037805289003
AD1480,1061.0930207073036
AD1481,301.6612347031462
AD1482,177.99155354520036
AD1483,274.28337217671884
AD1484,469.6475532788713
AD1485,157.4650924141303
AD1486,113.01969428888711
AD1487,569.6511077061461
AD1488,688.6987697569923
AD1489,61.62841775400964
AD1490,439.05038069320204
AD1491,327.43119726960236
AD1492,851.0563286722731
AD1493,1178.2593053635587
AD1494,572.1428155549797
AD1495,145.60474039098156
AD1496,1412.7149300148092
AD1497,407.0264836889203
AD1498,102.0035718023066
AD1499,555.8115487107406
AD1500,606.2801626811538
AD1501,114.42074419939672
AD1502,1467.402603613058
AD1503,235.39600725129134
AD1504,759.4248226539237
AD1505,945.6596308866496
AD1506,623.8386682055569
AD1507,628.1710225717316
AD1508,669.2425061258731
AD1509,202.86911768034167
AD1510,951.8897044073111
AD1511,519.141894982765
AD1512,459.95367719026547
AD1513,410.0864067215249
AD1514,986.8190788519917
AD1515,673.653238579385
AD1516,732.2669777973202
AD1517,1748.3395828074958
AD1518,104.28334402745391
AD1519,501.53895645568235
AD1520,394.73554400419147
AD1521,105.21370118958437
AD1522,105.895568860749
AD1523,700.0079547140391
AD1524,558.9459352953999
AD1525,341.4437729187482
AD1526,298.47610189999364
AD1527,539.6516004373136
AD1528,880.537368560445
AD1529,1813.7848046687475
AD1530,319.03354835710445
AD1531,307.7021445346658
AD1532,1292.5601739665447
AD1533,453.5477780266618
AD1534,510.6919981123992
AD1535,579.24277700713
AD1536,421.75407346072615
AD1537,1241.7091329903226
AD1538,59.484127962210444
AD1539,456.7491552269225
AD1540,1335.633852682624
AD1541,807.4279574833338
AD1542,230.76934821928953
AD1543,275.7213505716017
AD1544,67.4016882865374
AD1545,586.9572863097632
AD1546,963.6172959648011
AD1547,254.80948739138762
AD1548,63.268651059142684
AD1549,686.8154369392297
AD1550,641.3748259353015
AD1551,167.41657173966735
AD1552,140.80619687051976
AD1553,555.6756196014774
AD1554,339.3935594874433
AD1555,641.9054346804284
AD1556,83.16325510965746
AD1557,452.0830314311984
AD1558,868.8094205205682
AD1559,155.85710346826238
AD1560,526.7604118204918
AD1561,831.7787722982562
AD1562,1568.5285172327403
AD1563,411.2409887080407
AD1564,580.0153854115963
AD1565,888.250708285658
AD1566,141.38002949292618
AD1567,198.5820879455831
AD1568,1168.7034021108154
AD1569,27.96171895900211
AD1570,1335.9140516775753
AD1571,742.8577769858813
AD1572,948.4958164172091
AD1573,1315.3622756303662
AD1574,194.7994178347959
AD1575,678.0349825156298
AD1576,122.56319750998203
AD1577,100.54027791533137
AD1578,859.197509783258
AD1579,79.28356642244069
AD1580,220.68980228737664
AD1581,508.10232097673014
AD1582,267.14432408063357
AD1583,1630.3631097022717
AD1584,383.14287361801155
AD1585,114.0814359696447
AD1586,197.99773469605543
AD1587,700.9422412640843
AD1588,235.95875825065258
AD1589,310.52639415987517
AD1590,203.79143174260642
AD1591,276.4081878199381
AD1592,1075.707068937221
AD1593,206.2865705845097
AD1594,307.4939073729671
AD1595,176.71086407263428
AD1596,372.6347909831115
AD1597,97.21635850145185
AD1598,410.888869335467
AD1599,425.2258948552562
AD1600,145.35122064154444
AD1601,86.99463596277305
AD1602,422.4202801125339
AD1603,307.0972092416231
AD1604,80.98013915219853
AD1605,322.7506838982932
AD1606,1730.5114069537992
AD1607,499.1237890693673
AD1608,233.36200371440347
AD1609,1271.2580576882756
AD1610,274.479841612842
AD1611,77.47057599321454
AD1612,295.40924511598115
AD1613,851.7969847210384
AD1614,1842.0908048479248
AD1615,1150.5552970909064
AD1616,251.7092529621553
AD1617,256.2348353164502
AD1618,432.91010161965875
AD1619,715.079349420321
AD1620,147.18998965341288
AD1621,168.91918142825847
AD1622,336.90964944503565
AD1623,302.97634440313783
AD1624,982.4303521747596
AD1625,1228.982845200602
AD1626,212.33720023402438
AD1627,668.1179434081922
AD1628,350.4986715132263
AD1629,390.3370673904076
AD1630,235.18090904874316
AD1631,490.8926959735954
AD1632,217.6445113171226
AD1633,1731.920528142166
AD1634,242.36685234489673
AD1635,1110.8901244004157
AD1636,239.72967482271991
AD1637,1216.3756794569852
AD1638,118.32745930520787
AD1639,292.9762323133573
AD1640,331.657992178511
AD1641,388.1930876092038
AD1642,271.7903355257096
AD1643,816.8027254513532
AD1644,439.2291032062107
AD1645,529.7749839990036
AD1646,314.1546301197606
AD1647,344.6513035066442
AD1648,972.0687606298527
AD1649,1265.5429806972688
AD1650,202.9641212443739
AD1651,345.34314707972413
AD1652,660.2797379166964
AD1653,1093.4799141884498
AD1654,42.88129121843897
AD1655,273.9418950580499
AD1656,52.84078554050638
AD1657,447.45667867368
AD1658,130.7494572361802
AD1659,1125.8366874164174
AD1660,916.9989997358887
AD1661,1628.7522741358734
AD1662,419.0734253526578
AD1663,279.63582142729007
AD1664,146.80871045813407
AD1665,299.4141820683559
AD1666,159.04681549824454
AD1667,282.1912008817295
AD1668,71.12938309025557
AD1669,87.00922560535412
AD1670,868.6777213887009
AD1671,1030.5990481916217
AD1672,278.0143573632816
AD1673,172.88144515356652
AD1674,1012.6339952544959
AD1675,227.6588061513515
AD1676,232.96884684520566
AD1677,1367.8196523399552
AD1678,520.0465025714868
AD1679,299.8986226684914
AD1680,1230.8056255177928
AD1681,115.93344734441925
AD1682,978.213420013428
AD1683,1266.9184827758445
AD1684,530.1706451886783
AD1685,108.68680153492495
AD1686,784.5914190631673
AD1687,114.06850772395347
AD1688,770.1007508095037
AD1689,547.463190118696
AD1690,1218.1455599954093
AD1691,1558.2403266066924
AD1692,815.293715438877
AD1693,343.86116590953014
AD1694,153.3872879102835
AD1695,217.89154599921255
AD1696,243.46473243434983
AD1697,822.823703561811
AD1698,289.66202263625763
AD1699,95.37950168812202
AD1700,1544.2928327796478
AD1701,167.74220295176556
AD1702,215.9662328855754
AD1703,386.67290930101245
AD1704,363.3207479375148
AD1705,688.0870738208141
AD1706,66.3246003561008
AD1707,840.4623821374222
AD1708,1162.6340625049936
AD1709,548.3185863105659
AD1710,256.4960512140984
AD1711,550.6386926314125
AD1712,229.62462693701983
AD1713,146.42228577815993
AD1714,459.31003797617456
AD1715,497.9136881705593
AD1716,261.668075752289
AD1717,510.4745973547976
AD1718,167.0191599938517
AD1719,40.15454983826833
AD1720,1081.419359425821
AD1721,919.3322890502627
AD1722,587.8738504989717
AD1723,289.70277597630644
AD1724,287.1567916913566
AD1725,155.52598355501866
AD1726,59.83605757277746
AD1727,742.9600517250789
AD1728,1132.3108661497151
AD1729,148.1701117495438
AD1730,961.3253192120692
AD1731,248.70765910754955
AD1732,401.99197917536645
AD1733,517.717709316738
AD1734,289.35313908912235
AD1735,412.5174847141712
AD1736,911.2409172963615
AD1737,355.14313563488406
AD1738,1012.8717595275083
AD1739,24.141902740811208
AD1740,204.29646165614523
AD1741,94.98400412997754
AD1742,161.8862970691165
AD1743,442.6129696892123
AD1744,1582.477238100616
AD1745,1266.4689347167455
AD1746,847.8594081780359
AD1747,636.9194237056412
AD1748,1442.3270044053002
AD1749,1247.840032170075
AD1750,1050.4859973179766
AD1751,322.0384057570349
AD1752,995.0235876336728
AD1753,1678.6175278915646
AD1754,115.60115127057117
AD1755,87.8481586915182
AD1756,43.37557898424662
AD1757,1355.3319822547926
AD1758,1256.8675968049238
AD1759,132.23006083696166
AD1760,222.01952182384343
AD1761,668.3736868065513
AD1762,220.14401445697615
AD1763,262.70550487342706
AD1764,280.1046049689036
AD1765,633.2710923731823
AD1766,215.95414099194235
AD1767,1277.9479769965615
AD1768,903.428225981805
AD1769,346.52648107119524
AD1770,482.6295692008444
AD1771,584.635536876077
AD1772,463.3263147561622
AD1773,387.2007247483325
AD1774,41.86257463567459
AD1775,1581.8635915804555
AD1776,1583.0758394054421
AD1777,629.2625974236615
AD1778,287.73041780156433
AD1779,308.32368090934034
AD1780,1263.9841716924122
AD1781,880.4885948243975
AD1782,1092.3309699317258
AD1783,184.34418528950013
AD1784,282.63886716191286
AD1785,923.1579459891694
AD1786,39.55864516157591
AD1787,598.5606190546599
AD1788,98.1646980289451
AD1789,142.3611048691245
AD1790,324.2953779344443
AD1791,1454.2033015816924
AD1792,1144.707435350078
AD1793,375.87151365474386
AD1794,59.56667102745103
AD1795,793.383644249839
AD1796,183.22381279641087
AD1797,960.8606147945355
AD1798,82.61036988862327
AD1799,549.8463858530372
AD1800,71.18205525869308
AD1801,599.4725421118357
AD1802,1288.164039151318
AD1803,86.94038490134801
AD1804,104.58078169558233
AD1805,1380.1780069028584
AD1806,806.4373071201177
AD1807,228.95486104797612
AD1808,670.4861639658147
AD1809,135.41590601868936
AD1810,271.41452345351934
AD1811,906.92234085851
AD1812,558.6019759719504
AD1813,558.2085462219393
AD1814,1045.8266238466165
AD1815,140.6319889825847
AD1816,627.8955413841885
AD1817,686.6018171030345
AD1818,320.07742511349613
AD1819,528.3861306415957
AD1820,29.385859402933843
AD1821,593.883721702504
AD1822,138.36009206095196
AD1823,1052.5355796109482
AD1824,1742.613414735246
AD1825,1657.7077533154302
AD1826,781.3959916517683
AD1827,1001.5796623266914
AD1828,387.1029395867548
AD1829,986.983674911057
AD1830,181.579529070581
AD1831,308.6123294447305
AD1832,87.24742756620368
AD1833,968.7520460773999
AD1834,917.0457616661844
AD1835,977.2659435171134
AD1836,207.1204566617747
AD1837,538.6608695824975
AD1838,388.0751838024681
AD1839,1128.6903393787766
AD1840,416.09712009553783
AD1841,503.9702760869021
AD1842,340.3466200465492
AD1843,54.36110205316084
AD1844,507.2153147513487
AD1845,516.4143456525733
AD1846,546.3109959804208
AD1847,1748.1766402692892
AD1848,1459.7834697754854
AD1849,298.804592454081
AD1850,103.47535012583995
AD1851,75.08104771064298
AD1852,30.093723090148938
AD1853,733.0378106900087
AD1854,200.16434999207542
AD1855,241.3969155296136
AD1856,117.42932858365135
AD1857,259.93834451507024
AD1858,1043.524255077894
AD1859,766.282073629064
AD1860,444.17533266008155
AD1861,1064.0693439506174
AD1862,724.4089473342977
AD1863,443.9604279218439
AD1864,1137.360886806035
AD1865,1087.57691953109
AD1866,599.5569165739746
AD1867,758.6775142429618
AD1868,738.5266968627103
AD1869,147.18289044759877
AD1870,569.1624414833474
AD1871,618.2633756210375
AD1872,312.3864224828475
AD1873,417.34126936946035
AD1874,160.47176591696677
AD1875,716.2670057874537
AD1876,214.9633135942818
AD1877,339.9731509517699
AD1878,391.7057224582271
AD1879,263.12258625142874
AD1880,338.09557412557785
AD1881,287.2857281509025
AD1882,504.2501087940398
AD1883,124.75296746388928
AD1884,587.1572579557926
AD1885,72.6798714290764
AD1886,763.852809445854
AD1887,1472.143359670508
AD1888,177.60136500874884
AD1889,72.28464926932902
AD1890,95.86717888872477
AD1891,1287.364622373142
AD1892,237.20729755405372
AD1893,631.8809620254184
AD1894,186.18429974009626
AD1895,448.73394896614514
AD1896,1021.3221992741461
AD1897,83.16946335151627
AD1898,239.4055119680774
AD1899,289.7651137571032
AD1900,707.9948838826834
AD1901,182.51833662159083
AD1902,1435.637276386223
AD1903,64.75139699647794
AD1904,573.110440738112
AD1905,1187.2497386749783
AD1906,1078.5538871761848
AD1907,1007.082723951315
AD1908,761.2222700509806
AD1909,126.98296701139755
AD1910,1485.5934493290708
AD1911,339.2723979569732
AD1912,250.35097987087198
AD1913,103.00292830916327
AD1914,81.23130593374368
AD1915,340.4418233610745
AD1916,638.1977323944387
AD1917,1750.864725602862
AD1918,1142.9443008645842
AD1919,257.9117880199777
AD1920,57.105019140581625
AD1921,663.5321301708384
AD1922,489.3420975314472
AD1923,933.0477432331242
AD1924,110.14397416661349
AD1925,479.51088208551175
AD1926,229.13781086397495
AD1927,134.4582321248898
AD1928,483.59842772530106
AD1929,870.8660881304447
AD1930,83.25078927233658
AD1931,242.09888539287536
AD1932,666.1063685977836
AD1933,241.3808110798729
AD1934,948.905709903917
AD1935,771.3361059822975
AD1936,407.51897009916456
AD1937,491.3534231538801
AD1938,846.1811628089359
AD1939,91.33606879329992
AD1940,1199.4933141319389
AD1941,289.8940606807386
AD1942,69.07360418636523
AD1943,1523.643008533213
AD1944,403.7870889947494
AD1945,155.90150150943128
AD1946,805.888310142232
AD1947,318.44916105382015
AD1948,522.2011183976745
AD1949,29.34845470671153
AD1950,1199.2158048640001
AD1951,760.7445438347883
AD1952,376.7537686416377
AD1953,386.9626559470691
AD1954,1226.6950666736604
AD1955,356.8922315675049
AD1956,1313.3417880244672
AD1957,142.62831720627773
AD1958,53.676677827607556
AD1959,277.43669676326175
AD1960,417.33904608940514
AD1961,1146.4800144752041
AD1962,27.870737514882673
AD1963,301.70340599969126
AD1964,219.69909377082803
AD1965,679.9876241019006
AD1966,1062.274407242919
AD1967,702.8436237573421
AD1968,109.58693262970088
AD1969,167.46645952349866
AD1970,1058.9932354069274
AD1971,77.22055303546695
AD1972,46.90961767450023
AD1973,148.64359433815522
AD1974,271.11013966589417
AD1975,136.34007075546506
AD1976,450.56468653290585
AD1977,1114.3191033875917
AD1978,136.56024551747007
AD1979,365.5244404516577
AD1980,256.94540965484066
AD1981,423.00616845731673
AD1982,539.7974409672571
AD1983,609.9550839300615
AD1984,629.8084422806561
AD1985,738.9615494468527
AD1986,120.1138659448081
AD1987,829.563136757815
AD1988,1068.9862861331685
AD1989,1248.9847958781977
AD1990,636.3915121372163
AD1991,716.940655451693
AD1992,734.7474217550322
AD1993,565.1518146131056
AD1994,333.79143217462445
AD1995,184.43739637628076
AD1996,319.77537024669357
AD1997,27.68214784036442
AD1998,1263.6025202428607
AD1999,475.89707971189637
AD2000,60.121169310617475
AD2001,547.759583443744
AD2002,229.96097869943722
AD2003,351.3760872977998
AD2004,215.8697150381316
AD2005,625.376789679499
AD2006,100.88256228621265
AD2007,760.2909937728518
AD2008,247.16640278702258
AD2009,494.4319866150879
AD2010,552.6167830354547
AD2011,1074.6886221294665
AD2012,1141.4099771522094
AD2013,787.9517845185655
AD2014,1307.7289340071038
AD2015,122.25195391549693
AD2016,26.640081492984507
AD2017,253.25598941420554
AD2018,1684.0222038256989
AD2019,261.4235520517167
AD2020,401.7260240082107
AD2021,596.6103218154599
AD2022,781.5955661546072
AD2023,1125.4993969515167
AD2024,507.6624224054376
AD2025,636.9185229951313
AD2026,949.4623100589931
AD2027,176.32175418474174
AD2028,148.01875751606786
AD2029,538.7088445125373
AD2030,104.44837814892632
AD2031,437.86381011579476
AD2032,633.9438180478439
AD2033,717.8596408022787
AD2034,756.4622702744841
AD2035,633.0540680882067
AD2036,1421.2260542573392
AD2037,40.15391209449689
AD2038,607.8594677833328
AD2039,496.97166992378504
AD2040,99.44439554697969
AD2041,405.953604593295
AD2042,536.8042601810724
AD2043,484.65742281725664
AD2044,100.21301343023984
AD2045,131.18373827244466
AD2046,224.62345618673857
AD2047,193.4127009620706
AD2048,515.8036437696835
AD2049,313.85251701276735
AD2050,1215.7425789262304
AD2051,361.37542973869535
AD2052,240.47634141404873
AD2053,193.8866531138844
AD2054,381.736456547099
AD2055,562.1254830328669
AD2056,330.9221703249273
AD2057,1165.8775905043144
AD2058,276.6778420603973
AD2059,448.7315465027693
AD2060,103.74042569100732
AD2061,667.4121252678093
AD2062,281.55314581462795
AD2063,990.2172854195654
AD2064,931.6248543846708
AD2065,691.1608362740981
AD2066,111.41581492000509
AD2067,1329.6231776938787
AD2068,423.1573131587845
AD2069,440.6820582225056
AD2070,137.69265078726053
AD2071,989.5006854915796
AD2072,1320.459703879719
AD2073,174.81274382072164
AD2074,636.2709814796301
AD2075,1115.7762249631114
AD2076,1220.8865912851902
AD2077,985.600459263961
AD2078,187.40359319697777
AD2079,791.6225481725759
AD2080,501.0632270882
AD2081,837.8391753343044
AD2082,71.68751286041308
AD2083,579.0000456691613
AD2084,1716.4409756317268
AD2085,369.22790174016177
AD2086,603.9327831890497
AD2087,567.2924630544665
AD2088,537.1348875330349
AD2089,586.7028527064313
AD2090,47.31995636521422
AD2091,596.8595291102955
AD2092,207.33256983638228
AD2093,332.57982769195826
AD2094,343.350632760056
AD2095,307.05948699186104
AD2096,433.42512919975485
AD2097,514.3859944162363
AD2098,722.0426504421325
AD2099,289.1675954014253
AD2100,477.02814868831354
AD2101,1316.6164672592379
AD2102,961.6600677408295
AD2103,845.9612331126231
AD2104,112.49523750307823
AD2105,399.6720821969106
AD2106,568.1491176636887
AD2107,262.02386933750034
AD2108,282.15837235539647
AD2109,181.4453391604157
AD2110,200.33514937740856
AD2111,831.7318384078566
AD2112,798.9848632791512
AD2113,1257.540703098642
AD2114,25.873236175209563
AD2115,944.6360601449525
AD2116,956.3025357059728
AD2117,404.13151667499716
AD2118,425.388209228885
AD2119,403.75578896406245
AD2120,145.01773795301318
AD2121,75.67651734376146
AD2122,755.7970269233899
AD2123,694.901235913662
AD2124,1217.6271224700688
AD2125,300.6592279534033
AD2126,184.48607658622612
AD2127,154.8076028775847
AD2128,146.2706790550855
AD2129,115.966049571963
AD2130,260.60281534065115
AD2131,29.087417188943533
AD2132,47.09811623120091
AD2133,1142.3907304822226
AD2134,580.6598516160974
AD2135,97.00388844254039
AD2136,756.848295319942
AD2137,1184.4672659054488
AD2138,1305.1250119921622
AD2139,509.92178280385093
AD2140,721.5109953819115
AD2141,803.2726945293405
AD2142,747.7448371356594
AD2143,845.7760562687132
AD2144,1476.6715308868495
AD2145,1064.5680936272297
AD2146,453.6764202966984
AD2147,1017.14689878946
AD2148,438.97387217792664
AD2149,226.32545004003416
AD2150,435.15452489336616
AD2151,320.8227299043459
AD2152,242.66843930852255
AD2153,529.880590804251
AD2154,1131.2484495299477
AD2155,1020.4327726331958
AD2156,211.11320086849418
AD2157,99.73985235587399
AD2158,585.4249586421714
AD2159,692.7076399126718
AD2160,1159.6721442636217
AD2161,440.80312334172925
AD2162,724.2853374581456
AD2163,97.0740370438409
AD2164,682.5510756463224
AD2165,98.12286959637794
AD2166,145.50928389293165
AD2167,1548.9953669454098
AD2168,468.41603233951116
AD2169,1118.478166951386
AD2170,1274.797703851202
AD2171,112.15242885508808
AD2172,851.8847052999026
AD2173,948.7437421112053
AD2174,1029.040608015482
AD2175,151.40122688301747
AD2176,574.6813686601859
AD2177,1220.4383010885856
AD2178,406.2748512315784
AD2179,972.71568937362
AD2180,948.3363855743255
AD2181,186.78258010428556
AD2182,339.95908116027346
AD2183,198.0024844610048
AD2184,672.911911677119
AD2185,1068.8327650229996
AD2186,372.9298252662602
AD2187,290.11511639821384
AD2188,715.637318150265
AD2189,262.52252360329635
AD2190,223.8358663548668
AD2191,1731.0922169499702
AD2192,647.7718875223792
AD2193,102.90806869811439
AD2194,356.958917612705
AD2195,353.69127927995294
AD2196,336.4534070636354
AD2197,369.7353227751943
AD2198,1418.432124106133
AD2199,628.8406146490969
AD2200,594.497054321257
AD2201,252.2264898864135
AD2202,1110.9984223322233
AD2203,155.3941921504421
AD2204,291.5927920075133
AD2205,544.0658675831409
AD2206,217.13157210670096
AD2207,138.58718044187168
AD2208,328.4279712552449
AD2209,327.5502655397197
AD2210,293.3554740060667
AD2211,414.3248524048203
AD2212,755.7259643686368
AD2213,440.2740893624315
AD2214,761.8559349541255
AD2215,186.71983222729907
AD2216,146.68862405288644
AD2217,657.3479599444804
AD2218,775.3014909397953
AD2219,701.4039355929738
AD2220,439.4218794308696
AD2221,419.7901137668901
AD2222,224.79802481778694
AD2223,508.077253099263
AD2224,636.4339325618748
AD2225,221.584264297975
AD2226,200.05474595511652
AD2227,311.49098465233664
AD2228,145.66347269098412
AD2229,322.47431080867193
AD2230,1519.0654010544258
AD2231,103.87942183077199
AD2232,722.3895827464801
AD2233,374.8266123464518
AD2234,978.5558623621362
AD2235,304.04037633445085
AD2236,207.0194425533455
AD2237,827.1416846343947
AD2238,286.30283193091884
AD2239,394.4264588189492
AD2240,214.2631903165172
AD2241,1574.6197704403091
AD2242,76.27901341036275
AD2243,181.48770316182842
AD2244,1251.1805646915327
AD2245,125.49965857381764
AD2246,338.6146667881663
AD2247,272.30186630070375
AD2248,732.0665534619843
AD2249,201.42877399727283
AD2250,80.06651575547477
AD2251,408.130951510716
AD2252,980.4274067361754
AD2253,177.61243204882732
AD2254,361.69084255250453
AD2255,649.0930596054834
AD2256,779.9026596948609
AD2257,219.00274606590898
AD2258,525.3100006151432
AD2259,729.0092347750336
AD2260,237.6646044859571
AD2261,740.3913297325715
AD2262,167.957029382396
AD2263,191.5980403850811
AD2264,298.0189192512415
AD2265,780.6887966233934
AD2266,1000.8393553816967
AD2267,1644.439894345768
AD2268,829.9565578112309
AD2269,160.0169248207591
AD2270,660.1119348490905
AD2271,739.7721349198639
AD2272,694.4378515134431
AD2273,703.8840379340279
AD2274,188.0218002954586
AD2275,126.6800785045994
AD2276,667.0518004295571
AD2277,472.07239139979174
AD2278,382.6028673752284
AD2279,1898.5691271161247
AD2280,892.6042084167552
AD2281,175.46318866107472
AD2282,1576.749173225804
AD2283,94.61980784731436
AD2284,348.6422988232426
AD2285,415.56406648186726
AD2286,946.4620354077723
AD2287,537.0881877113114
AD2288,455.47450136432525
AD2289,871.5327212481122
AD2290,503.94205141190463
AD2291,187.44363021637787
AD2292,917.7436717243872
AD2293,236.3021704296458
AD2294,689.312749777935
AD2295,152.5200645964508
AD2296,68.4780823075761
AD2297,811.7443654338113
AD2298,116.43135223500389
AD2299,1240.5662140679722
AD2300,878.4455358578734
AD2301,248.069332610535
AD2302,246.33589246434482
AD2303,516.9334509759489
AD2304,1023.7653967488419
AD2305,968.7371419910597
AD2306,504.5265089510699
AD2307,1417.9851315171395
AD2308,228.21168547905137
AD2309,259.8831129801461
AD2310,1230.0845367375987
AD2311,879.9495005504497
AD2312,422.2807880998162
AD2313,355.155792778885
AD2314,735.4355547303672
AD2315,746.5185426618125
AD2316,1110.1795216969567
AD2317,580.3134679848392
AD2318,108.52649721547522
AD2319,501.97733237554166
AD2320,910.202924383695
AD2321,770.3159063474012
AD2322,412.23628626038857
AD2323,225.28452151318697
AD2324,135.6011142322494
AD2325,249.93135622148358
AD2326,903.0145483566598
AD2327,436.53346759284284
AD2328,444.73879107158444
AD2329,436.036169429622
AD2330,133.06663125633764
AD2331,152.4211976734684
AD2332,353.57299864672234
AD2333,189.91427480702953
AD2334,61.11238522471308
AD2335,141.86430127064537
AD2336,1235.757038788867
AD2337,111.4175111718443
AD2338,146.0499796096242
AD2339,913.3136903704379
AD2340,122.08229052523323
AD2341,462.919610401438
AD2342,552.4781901206769
AD2343,1472.1999723794484
AD2344,299.27556362561967
AD2345,974.5699341263154
AD2346,252.6426331801693
AD2347,422.5241140464357
AD2348,127.85853175475388
AD2349,585.6757150267024
AD2350,1133.806257583482
AD2351,644.0969263303849
AD2352,1394.960079052237
AD2353,86.25903078651534
AD2354,151.88084705860868
AD2355,40.344847975783175
AD2356,631.3191073286288
AD2357,123.66355536056834
AD2358,182.77478188517748
AD2359,588.8518050684465
AD2360,1181.0458170612815
AD2361,181.7656319182195
AD2362,530.1544612340857
AD2363,382.61224651102737
AD2364,69.22296428151165
AD2365,172.02161786534504
AD2366,206.97708712685153
AD2367,762.274356048784
AD2368,86.92546832563173
AD2369,270.4801090559482
AD2370,93.64319905511586
AD2371,127.05091424928662
AD2372,930.2908281786888
AD2373,61.8855415091694
AD2374,315.8227009087538
AD2375,218.4918909006227
AD2376,516.0870311994653
AD2377,836.5777811570724
AD2378,354.63780280622655
AD2379,41.13703691627941
AD2380,351.9592416494994
AD2381,226.7715055313779
AD2382,28.82410741792902
AD2383,283.3121398451865
AD2384,617.6111816107968
AD2385,624.0298752358779
AD2386,562.748652884834
AD2387,530.6265775611564
AD2388,683.5635060695078
AD2389,196.8038013463404
AD2390,668.1149366471406
AD2391,1284.3542387838374
AD2392,162.97715105794578
AD2393,501.0608347790359
AD2394,368.07296725134387
AD2395,526.8490714291578
AD2396,294.6780442180862
AD2397,427.0591012081925
AD2398,390.7736455349722
AD2399,299.89148262566937
AD2400,583.0686286604844
AD2401,394.79683660259985
AD2402,508.6231945870454
AD2403,404.1319864298277
AD2404,543.0789768888754
AD2405,462.0062796961253
AD2406,369.4945339957141
AD2407,401.20018818909557
AD2408,362.5060321706943
AD2409,461.17978030727653
AD2410,397.7526937463325
AD2411,292.8406900010848
AD2412,620.8087523206951
AD2413,362.4740992293384
AD2414,1712.1511046497621
AD2415,680.7248318106726
AD2416,300.54229862219574
AD2417,512.0566908355419
AD2418,986.4003831963421
AD2419,566.9043856217672
AD2420,638.1433344821229
AD2421,1019.0244037692222
AD2422,366.63007127272095
AD2423,421.3816397697096
AD2424,438.132040946485
AD2425,167.0560915950659
AD2426,714.3193247724471
AD2427,244.66989791250037
AD2428,768.0696587731318
AD2429,391.27318992764333
AD2430,453.20189471538777
AD2431,959.2761166513642
AD2432,646.6651586328805
AD2433,60.28818640301005
AD2434,998.0649763411056
AD2435,1721.745724617156
AD2436,595.7756863993105
AD2437,1216.6392633789337
AD2438,187.15772285231563
AD2439,119.02861606746067
AD2440,439.0029948221262
AD2441,1234.3402622411236
AD2442,280.4850343906891
AD2443,109.81409836540941
AD2444,501.32458851405784
AD2445,158.29811793559765
AD2446,127.7286139719287
AD2447,827.1797989830459
AD2448,565.9612600290009
AD2449,805.5910061983365
AD2450,717.1716114667398
AD2451,357.8644448490595
AD2452,1547.4780920834926
AD2453,781.8572260637765
AD2454,238.84505463545335
AD2455,141.06340802091626
AD2456,261.97625631893703
AD2457,607.9389981967563
AD2458,1204.217776380499
AD2459,326.13168353309123
AD2460,101.5660354003783
AD2461,201.72374694306637
AD2462,300.9728817478628
AD2463,656.4476177494398
AD2464,146.3885412314193
AD2465,328.8320457728625
AD2466,303.55388217224544
AD2467,1525.2392824614653
AD2468,548.7629373045648
AD2469,890.8980706146007
AD2470,646.1261571899765
AD2471,198.9675402984641
AD2472,143.4901445457587
AD2473,657.5203638297568
AD2474,70.01190297849789
AD2475,266.7017192962082
AD2476,837.1515832070552
AD2477,423.2183635784336
AD2478,75.1333253309384
AD2479,340.63325893715904
AD2480,174.32966169029754
AD2481,650.5190724883417
AD2482,191.79209887024382
AD2483,781.5079128538772
AD2484,85.43561461356163
AD2485,788.8513962936356
AD2486,1594.5578327704768
AD2487,997.5918477125265
AD2488,98.60241758568641
AD2489,1644.0438193405237
AD2490,1438.061831739964
AD2491,1050.6279239696214
AD2492,576.3598971380192
AD2493,137.13587581815742
AD2494,38.11910743274163
AD2495,302.1919204798976
AD2496,705.3220772648278
AD2497,694.9441101572377
AD2498,195.83941049746065
AD2499,525.8911042534223
AD2500,195.76511642845813
AD2501,647.9243100143873
AD2502,704.4803212442966
AD2503,992.3321995641151
AD2504,1203.6293235650924
AD2505,194.9237338453229
AD2506,670.075246829206
AD2507,356.46665449819966
AD2508,951.6234383805984
AD2509,142.04874027584728
AD2510,436.25319746756304
AD2511,500.28535320306355
AD2512,555.5520678506771
AD2513,317.9045155748207
AD2514,186.2519121695716
AD2515,244.10700601785308
AD2516,869.66632133728
AD2517,292.8066937652607
AD2518,743.0076270293454
AD2519,299.89372118258245
AD2520,697.134642354734
AD2521,151.08566960275886
AD2522,1123.0296647932646
AD2523,1656.830592193213
AD2524,125.85507774709772
AD2525,1321.0969413176074
AD2526,1571.5365355858567
AD2527,1175.750999016135
AD2528,610.1521957559524
AD2529,404.4449683367439
AD2530,341.45154206439514
AD2531,392.405822415424
AD2532,553.961613650104
AD2533,757.9397990241561
AD2534,874.804065696937
AD2535,140.78004303971298
AD2536,348.5398583368855
AD2537,1042.2516079170289
AD2538,173.28221811039563
AD2539,38.37366515802015
AD2540,1187.0004524189912
AD2541,159.02164706211596
AD2542,1093.3945082367409
AD2543,346.1983387713449
AD2544,1170.3161561072384
AD2545,59.383558349251736
AD2546,937.6491744482664
AD2547,880.0512868087364
AD2548,398.49199794690264
AD2549,626.2220544943004
AD2550,407.9631316697397
AD2551,475.6411104047222
AD2552,580.3136832900825
AD2553,86.84224533469488
AD2554,505.1048822157403
AD2555,193.4223824389864
AD2556,120.13152750737876
AD2557,1194.4980588518006
AD2558,563.4290618736835
AD2559,462.73161470561496
AD2560,1320.4904199544167
AD2561,1535.054891450505
AD2562,904.0629117923197
AD2563,904.1030436398927
AD2564,387.1502900443243
AD2565,1322.5763863890263
AD2566,363.51546990781236
AD2567,1446.4468463953397
AD2568,1449.8159419635165
AD2569,228.83692480417437
AD2570,457.9460855304009
AD2571,643.2303510940166
AD2572,420.40073962485536
AD2573,39.79705713621788
AD2574,171.0467770076192
AD2575,336.0184989837081
AD2576,194.76418155286368
AD2577,921.6235287256887
AD2578,594.3827728819507
AD2579,160.8114607971268
AD2580,403.0060588716432
AD2581,242.03701124185307
AD2582,1070.3489440645105
AD2583,977.9558975197281
AD2584,319.94133178381486
AD2585,288.1374698502518
AD2586,452.9158414014043
AD2587,50.17260702170092
AD2588,896.869783953412
AD2589,581.0309537064163
AD2590,683.096144922039
AD2591,579.6128949080595
AD2592,96.45515624068979
AD2593,63.98357284593819
AD2594,755.5525897347899
AD2595,727.6694853716454
AD2596,253.50248721694703
AD2597,271.97952522726206
AD2598,1643.231309269262
AD2599,717.0559631917458
AD2600,613.0309717765149
AD2601,121.65325287349516
AD2602,363.0200135685942
AD2603,214.80627052947105
AD2604,1035.7146774048656
AD2605,546.8908228012189
AD2606,366.82333335742413
AD2607,668.5142132811666
AD2608,327.13019958800623
AD2609,282.66766286037773
AD2610,1723.9024187916684
AD2611,713.7196930415822
AD2612,229.57839237393003
AD2613,473.536265648539
AD2614,223.68562126597953
AD2615,37.278280378950264
AD2616,210.53856915823243
AD2617,449.4224532164874
AD2618,419.5132482949452
AD2619,246.59894471306106
AD2620,231.01450338670378
AD2621,950.5027843952186
AD2622,353.5119156061076
AD2623,969.8236454254949
AD2624,1120.4714411579146
AD2625,1811.6268899599763
AD2626,762.0056858980939
AD2627,794.0169902121027
AD2628,114.47687200080118
AD2629,1377.5410686936443
AD2630,476.10168976697435
AD2631,707.0151852621761
AD2632,206.49958153334214
AD2633,635.6131021335445
AD2634,541.0199793830321
AD2635,127.40795162840911
AD2636,824.7611517903416
AD2637,945.9481762896305
AD2638,94.58978828295987
AD2639,112.1020262611659
AD2640,1297.114506883614
AD2641,1043.1478085749827
AD2642,1068.4348576941081
AD2643,28.922882270704655
AD2644,176.4333180335472
AD2645,1691.619935143946
AD2646,758.5349287219306
AD2647,660.3535649343178
AD2648,114.76900829218788
AD2649,1110.6349520425092
AD2650,1285.2058677521163
AD2651,851.0749844086939
AD2652,244.9106209730995
AD2653,1008.4801122696855
AD2654,1653.2093021193484
AD2655,147.6685781735146
AD2656,543.6036496350184
AD2657,211.09518566782427
AD2658,874.5958019554491
AD2659,855.8011751491406
AD2660,256.26453688729424
AD2661,635.804551327573
AD2662,1266.9961232794699
AD2663,1364.7561401498187
AD2664,390.3219460798019
AD2665,101.05244547227338
AD2666,676.6768864217873
AD2667,761.5678169785419
AD2668,1590.7758329082142
AD2669,211.281784945821
AD2670,142.017028377642
AD2671,446.8033100671566
AD2672,1005.9508652116804
AD2673,141.57600194947204
AD2674,359.62520528639425
AD2675,474.3389712620943
AD2676,75.58493627503228
AD2677,742.1320204064492
AD2678,155.97653861652924
AD2679,1214.2829824091473
AD2680,632.0479454400316
AD2681,1116.4725799580629
AD2682,317.6586694485752
AD2683,288.5864208938243
AD2684,157.10193406124546
AD2685,154.82702695329436
AD2686,660.1015228345751
AD2687,957.1768159760303
AD2688,1025.521980790307
AD2689,793.0329204689151
AD2690,218.75921727254905
AD2691,538.6433009874816
AD2692,147.2271986435747
AD2693,379.9764330135435
AD2694,1510.3494223069997
AD2695,221.76838384644975
AD2696,172.00501983121555
AD2697,451.3085260079723
AD2698,296.43167504888373
AD2699,81.50052161826048
AD2700,388.18515758294444
AD2701,135.90281991076424
AD2702,571.4828723601773
AD2703,71.07919935873072
AD2704,609.9481695169541
AD2705,1211.6460273067007
AD2706,255.72644142498447
AD2707,215.91463499180287
AD2708,71.0647875810917
AD2709,1139.3955516908431
AD2710,1577.6768174222
AD2711,356.01415893383904
AD2712,777.5887023404212
AD2713,1321.4042611332009
AD2714,328.13978353445214
AD2715,216.74344541095374
AD2716,519.5977174903828
AD2717,1105.0280800150315
AD2718,305.4213791251245
AD2719,190.29580401446418
AD2720,1168.3097076078564
AD2721,568.8166774789196
AD2722,304.1382762267092
AD2723,48.67110845858931
AD2724,128.5253716967378
AD2725,474.72789134149133
AD2726,482.9753816286649
AD2727,171.1665809251374
AD2728,190.1766818836472
AD2729,338.0136505281035
AD2730,1225.242153536632
AD2731,290.83262340759575
AD2732,64.39709506028089
AD2733,1129.7521146649117
AD2734,139.14366435937583
AD2735,310.86451414515574
AD2736,308.5056731573045
AD2737,351.4152180721188
AD2738,1302.9535071347084
